datetime,Sq,S,E1,E2,H,R,D,V
01-Mar-2020,0,10770464,12,2,9,0,0,21080
02-Mar-2020,1050841,9719617,16,3,9,0,0,267
03-Mar-2020,1974055,8796397,20,5,9,0,0,321
04-Mar-2020,2785142,7985302,26,7,10,1,0,386
05-Mar-2020,3497719,7272715,32,10,10,1,0,462
06-Mar-2020,4123752,6646671,39,13,10,1,0,548
07-Mar-2020,4673751,6096661,47,16,11,2,0,645
08-Mar-2020,5156949,5613449,55,20,12,2,0,753
09-Mar-2020,5581461,5188922,65,23,13,3,0,870
10-Mar-2020,5954414,4815954,74,27,14,3,0,997
11-Mar-2020,6282069,4488282,85,31,16,4,0,1133
12-Mar-2020,6569928,4200405,96,35,17,5,0,1278
13-Mar-2020,6822824,3947490,108,39,19,6,0,1431
14-Mar-2020,7045003,3725291,121,44,21,7,0,1593
15-Mar-2020,7240197,3530077,134,48,23,8,0,1762
16-Mar-2020,7411681,3358570,147,53,26,10,1,1940
17-Mar-2020,7562336,3207892,161,57,28,11,1,2125
18-Mar-2020,7694692,3075513,176,62,31,13,1,2319
19-Mar-2020,7810970,2959210,191,66,34,15,1,2521
20-Mar-2020,7913124,2857030,207,71,38,16,1,2731
21-Mar-2020,8002868,2767259,223,76,41,19,1,2950
22-Mar-2020,8081710,2688389,240,81,45,21,1,3178
23-Mar-2020,8150973,2619096,258,86,49,23,1,3416
24-Mar-2020,8211822,2558217,277,91,53,26,1,3665
25-Mar-2020,8265277,2504730,296,96,58,28,2,3923
26-Mar-2020,8312237,2457737,316,101,62,31,2,4194
27-Mar-2020,8353490,2416449,337,107,67,34,2,4476
28-Mar-2020,8389729,2380173,359,112,73,38,2,4771
29-Mar-2020,8421564,2348301,382,118,78,41,2,5079
30-Mar-2020,8449528,2320297,406,124,84,45,2,5402
31-Mar-2020,8474092,2295691,432,131,90,49,3,5739
01-Apr-2020,8495668,2274071,458,137,96,53,3,6093
02-Apr-2020,8514620,2255074,486,144,103,57,3,6463
03-Apr-2020,8531265,2238381,515,151,110,62,3,6852
04-Apr-2020,8545884,2223711,545,159,118,67,4,7259
05-Apr-2020,8558722,2210820,577,167,125,72,4,7686
06-Apr-2020,8569996,2199491,610,175,133,77,4,8134
07-Apr-2020,8579895,2189533,646,184,142,83,5,8605
08-Apr-2020,8588586,2180781,683,193,151,89,5,9100
09-Apr-2020,8596215,2173087,721,202,160,96,5,9619
10-Apr-2020,8602911,2166323,762,212,170,102,6,10165
11-Apr-2020,8608788,2160376,805,223,180,110,6,10739
12-Apr-2020,8613943,2155145,851,234,191,117,6,11343
13-Apr-2020,8618465,2150545,898,246,202,125,7,11978
14-Apr-2020,8622429,2146497,948,258,214,134,7,12645
15-Apr-2020,8625904,2142935,1001,271,226,142,8,13347
16-Apr-2020,8628948,2139799,1056,285,239,152,8,14086
17-Apr-2020,8631613,2137037,1115,299,253,162,9,14864
18-Apr-2020,8633945,2134603,1176,314,267,172,9,15682
19-Apr-2020,8635983,2132457,1241,330,282,183,10,16543
20-Apr-2020,8637763,2130564,1309,347,298,195,11,17450
21-Apr-2020,8639315,2128893,1381,365,315,207,11,18405
22-Apr-2020,8640667,2127415,1457,384,333,220,12,19410
23-Apr-2020,8641842,2126108,1536,404,351,233,13,20468
24-Apr-2020,8642862,2124949,1620,424,370,247,13,21583
25-Apr-2020,8643743,2123921,1709,446,391,262,14,22757
26-Apr-2020,8644503,2123007,1802,470,412,278,15,23993
27-Apr-2020,8645155,2122193,1900,494,435,295,16,25296
28-Apr-2020,8645711,2121465,2004,520,458,312,17,26667
29-Apr-2020,8646183,2120812,2112,547,483,331,18,28112
30-Apr-2020,8646580,2120226,2227,576,509,351,19,29634
01-May-2020,8646909,2119696,2348,606,537,371,20,31238
02-May-2020,8647178,2119216,2476,638,566,393,21,32927
03-May-2020,8647393,2118778,2610,671,596,416,23,34706
04-May-2020,8647560,2118377,2752,706,629,440,24,36581
05-May-2020,8647683,2118007,2901,744,662,465,25,38556
06-May-2020,8647766,2117663,3058,783,698,492,27,40638
07-May-2020,8647813,2117342,3223,824,736,520,28,42830
08-May-2020,8647827,2117039,3398,868,775,550,30,45140
09-May-2020,8647811,2116751,3582,914,817,581,31,47575
10-May-2020,8647765,2116476,3775,963,860,614,33,50139
11-May-2020,8647694,2116210,3980,1014,907,649,35,52842
12-May-2020,8647597,2115950,4195,1068,955,685,37,55689
13-May-2020,8647476,2115696,4421,1125,1006,724,39,58689
14-May-2020,8647332,2115444,4660,1185,1060,765,41,61851
15-May-2020,8647166,2115194,4912,1248,1117,808,44,65182
16-May-2020,8646978,2114942,5177,1314,1177,853,46,68691
17-May-2020,8646769,2114688,5457,1384,1240,900,49,72389
18-May-2020,8646539,2114431,5751,1458,1306,950,51,76286
19-May-2020,8646289,2114168,6061,1536,1376,1003,54,80392
20-May-2020,8646017,2113898,6388,1618,1449,1059,57,84718
21-May-2020,8645724,2113621,6733,1705,1527,1118,60,89276
22-May-2020,8645409,2113334,7096,1796,1608,1180,64,94079
23-May-2020,8645072,2113038,7478,1892,1695,1245,67,99139
24-May-2020,8644713,2112730,7881,1993,1785,1313,71,104471
25-May-2020,8644331,2112409,8306,2100,1881,1386,75,110089
26-May-2020,8643924,2112075,8753,2212,1981,1462,79,116007
27-May-2020,8643493,2111726,9225,2331,2087,1542,83,122243
28-May-2020,8643036,2111361,9721,2455,2199,1627,88,128813
29-May-2020,8642552,2110979,10245,2587,2316,1716,92,135735
30-May-2020,8642040,2110578,10796,2725,2440,1810,97,143027
31-May-2020,8641498,2110158,11377,2871,2571,1909,103,150710
01-Jun-2020,8640927,2109717,11989,3025,2708,2014,108,158803
02-Jun-2020,8640323,2109254,12633,3187,2853,2124,114,167330
03-Jun-2020,8639685,2108767,13312,3357,3006,2240,120,176312
04-Jun-2020,8639012,2108256,14027,3537,3167,2362,127,185773
05-Jun-2020,8638302,2107718,14781,3726,3336,2490,134,195740
06-Jun-2020,8637554,2107152,15575,3925,3515,2626,141,206239
07-Jun-2020,8636765,2106557,16410,4135,3703,2769,149,217298
08-Jun-2020,8635932,2105932,17291,4356,3901,2919,157,228945
09-Jun-2020,8635055,2105273,18218,4588,4109,3078,165,241213
10-Jun-2020,8634131,2104580,19195,4833,4329,3245,174,254134
11-Jun-2020,8633157,2103851,20224,5091,4561,3421,183,267742
12-Jun-2020,8632130,2103084,21307,5362,4804,3606,193,282073
13-Jun-2020,8631048,2102276,22448,5648,5061,3801,204,297165
14-Jun-2020,8629909,2101427,23649,5949,5332,4007,215,313057
15-Jun-2020,8628708,2100532,24914,6266,5617,4224,226,329791
16-Jun-2020,8627444,2099591,26245,6600,5917,4452,238,347411
17-Jun-2020,8626112,2098600,27647,6950,6233,4693,251,365963
18-Jun-2020,8624709,2097558,29124,7320,6566,4946,265,385494
19-Jun-2020,8623232,2096461,30677,7709,6916,5213,279,406056
20-Jun-2020,8621676,2095307,32313,8118,7285,5494,294,427702
21-Jun-2020,8620037,2094093,34035,8548,7674,5790,310,450486
22-Jun-2020,8618312,2092816,35847,9001,8083,6102,326,474467
23-Jun-2020,8616496,2091472,37754,9477,8514,6430,344,499706
24-Jun-2020,8614584,2090058,39761,9978,8968,6776,362,526268
25-Jun-2020,8612571,2088572,41873,10504,9446,7140,382,554220
26-Jun-2020,8610452,2087008,44095,11058,9948,7523,402,583630
27-Jun-2020,8608221,2085364,46433,11641,10478,7927,424,614573
28-Jun-2020,8605874,2083635,48892,12253,11035,8352,446,647126
29-Jun-2020,8603403,2081818,51478,12897,11621,8800,470,681369
30-Jun-2020,8600803,2079907,54199,13573,12238,9271,495,717386
01-Jul-2020,8598067,2077899,57059,14284,12888,9767,522,755264
02-Jul-2020,8595189,2075789,60068,15031,13571,10289,550,795095
03-Jul-2020,8592161,2073572,63230,15816,14290,10839,579,836976
04-Jul-2020,8588975,2071243,66555,16640,15047,11417,610,881005
05-Jul-2020,8585624,2068796,70049,17506,15843,12026,642,927288
06-Jul-2020,8582100,2066227,73722,18415,16680,12667,676,975930
07-Jul-2020,8578394,2063530,77581,19369,17560,13341,712,1027048
08-Jul-2020,8574498,2060698,81635,20370,18486,14051,750,1080759
09-Jul-2020,8570401,2057725,85893,21420,19460,14797,790,1137181
10-Jul-2020,8566095,2054606,90366,22522,20484,15583,832,1196445
11-Jul-2020,8561568,2051334,95062,23678,21560,16409,876,1258682
12-Jul-2020,8556811,2047902,99992,24890,22691,17278,922,1324028
13-Jul-2020,8551813,2044304,105167,26160,23880,18192,971,1392628
14-Jul-2020,8546562,2040532,110598,27491,25129,19153,1022,1464625
15-Jul-2020,8541046,2036578,116295,28886,26442,20163,1076,1540172
16-Jul-2020,8535254,2032436,122272,30346,27821,21225,1133,1619431
17-Jul-2020,8529171,2028098,128539,31875,29270,22342,1193,1702558
18-Jul-2020,8522785,2023555,135110,33475,30791,23516,1255,1789723
19-Jul-2020,8516083,2018800,141997,35149,32387,24749,1321,1881099
20-Jul-2020,8509049,2013825,149214,36900,34064,26045,1390,1976862
21-Jul-2020,8501670,2008621,156773,38731,35823,27407,1463,2077198
22-Jul-2020,8493929,2003180,164689,40643,37669,28837,1539,2182290
23-Jul-2020,8485812,1997494,172977,42641,39606,30339,1620,2292331
24-Jul-2020,8477301,1991552,181650,44727,41637,31916,1704,2407518
25-Jul-2020,8468381,1985348,190723,46904,43767,33572,1792,2528048
26-Jul-2020,8459034,1978872,200212,49174,46000,35310,1885,2654133
27-Jul-2020,8449242,1972116,210131,51541,48340,37134,1983,2785970
28-Jul-2020,8438988,1965070,220497,54007,50792,39048,2085,2923774
29-Jul-2020,8428253,1957726,231325,56576,53360,41055,2192,3067759
30-Jul-2020,8417018,1950076,242630,59249,56049,43161,2305,3218139
31-Jul-2020,8405263,1942111,254428,62030,58864,45368,2423,3375131
01-Aug-2020,8392969,1933823,266736,64920,61809,47682,2546,3538954
02-Aug-2020,8380116,1925204,279569,67923,64891,50108,2676,3709819
03-Aug-2020,8366684,1916246,292944,71040,68113,52648,2812,3887956
04-Aug-2020,8352652,1906943,306874,74273,71481,55310,2955,4073576
05-Aug-2020,8337998,1897286,321377,77625,75001,58096,3104,4266885
06-Aug-2020,8322703,1887270,336466,81097,78677,61013,3260,4468104
07-Aug-2020,8306745,1876889,352158,84691,82516,64066,3424,4677437
08-Aug-2020,8290103,1866136,368466,88407,86522,67259,3595,4895086
09-Aug-2020,8272756,1855008,385404,92247,90701,70599,3774,5121259
10-Aug-2020,8254682,1843501,402985,96211,95058,74090,3961,5356126
11-Aug-2020,8235861,1831610,421222,100299,99600,77738,4157,5599881
12-Aug-2020,8216272,1819334,440127,104512,104331,81550,4361,5852693
13-Aug-2020,8195895,1806671,459710,108849,109257,85530,4575,6114725
14-Aug-2020,8174710,1793620,479983,113308,114383,89685,4798,6386133
15-Aug-2020,8152697,1780182,500952,117890,119715,94020,5031,6667033
16-Aug-2020,8129837,1766358,522627,122592,125257,98542,5274,6957574
17-Aug-2020,8106113,1752151,545013,127411,131015,103256,5527,7257851
18-Aug-2020,8081506,1737563,568117,132346,136994,108169,5792,7567952
19-Aug-2020,8056001,1722601,591941,137392,143198,113287,6067,7887956
20-Aug-2020,8029580,1707270,616489,142547,149632,118615,6354,8217912
21-Aug-2020,8002231,1691577,641760,147806,156300,124160,6653,8557852
22-Aug-2020,7973940,1675530,667755,153165,163207,129927,6963,8907820
23-Aug-2020,7944693,1659140,694469,158618,170356,135924,7287,9267766
24-Aug-2020,7914482,1642417,721901,164159,177751,142155,7623,9637676
25-Aug-2020,7883296,1625374,750042,169782,185394,148627,7973,10017503
26-Aug-2020,7851127,1608024,778885,175481,193289,155345,8336,10407167
27-Aug-2020,7817971,1590381,808421,181248,201439,162315,8712,10806571
28-Aug-2020,7783821,1572461,838639,187075,209844,169543,9104,11215596
29-Aug-2020,7748676,1554280,869524,192956,218508,177034,9509,11634074
30-Aug-2020,7712535,1535857,901061,198880,227431,184794,9930,12061851
31-Aug-2020,7675398,1517209,933234,204839,236614,192827,10365,12498724
01-Sep-2020,7637270,1498357,966024,210825,246058,201138,10816,12944481
02-Sep-2020,7598154,1479319,999411,216827,255761,209733,11283,13398875
03-Sep-2020,7558057,1460117,1033371,222836,265725,218615,11766,13861622
04-Sep-2020,7516989,1440772,1067883,228841,275947,227790,12265,14332494
05-Sep-2020,7474961,1421306,1102921,234834,286425,237260,12780,14811132
06-Sep-2020,7431984,1401739,1138457,240804,297159,247031,13313,15297224
07-Sep-2020,7388074,1382095,1174466,246740,308145,257105,13862,15790435
08-Sep-2020,7343247,1362394,1210917,252633,319381,267486,14429,16290400
09-Sep-2020,7297523,1342659,1247782,258473,330861,278177,15013,16796749
10-Sep-2020,7250920,1322912,1285028,264249,342583,289180,15615,17309130
11-Sep-2020,7203461,1303174,1322625,269951,354543,300499,16235,17827063
12-Sep-2020,7155169,1283465,1360541,275572,366733,312135,16872,18350206
13-Sep-2020,7106070,1263807,1398742,281100,379151,324090,17528,18878121
14-Sep-2020,7056190,1244218,1437196,286527,391788,336366,18203,19410382
15-Sep-2020,7005556,1224718,1475869,291845,404640,348964,18895,19946568
16-Sep-2020,6954198,1205325,1514728,297046,417699,361885,19607,20486233
17-Sep-2020,6902146,1186057,1553739,302121,430958,375130,20337,21028944
18-Sep-2020,6849431,1166930,1592869,307063,444409,388699,21085,21574274
19-Sep-2020,6796085,1147960,1632085,311866,458046,402592,21853,22121778
20-Sep-2020,6742140,1129161,1671354,316523,471859,416810,22639,22671036
21-Sep-2020,6687631,1110547,1710643,321029,485841,431351,23444,23221594
22-Sep-2020,6632590,1092130,1749922,325378,499983,446216,24268,23773037
23-Sep-2020,6577052,1073922,1789157,329566,514276,461403,25112,24325012
24-Sep-2020,6521052,1055933,1828320,333588,528711,476910,25974,24877004
25-Sep-2020,6464624,1038172,1867380,337440,543279,492738,26855,25428654
26-Sep-2020,6407803,1020649,1906308,341121,557970,508883,27754,25979576
27-Sep-2020,6350623,1003369,1945076,344626,572776,525344,28673,26529376
28-Sep-2020,6293119,986341,1983657,347955,587686,542118,29610,27077702
29-Sep-2020,6235325,969568,2022025,351106,602692,559205,30567,27624194
30-Sep-2020,6177275,953056,2060154,354077,617783,576600,31541,28168429
01-Oct-2020,6119002,936808,2098021,356869,632951,594301,32535,28710170
02-Oct-2020,6060540,920828,2135602,359480,648186,612305,33547,29249030
03-Oct-2020,6001920,905116,2172874,361912,663478,630610,34577,29784707
04-Oct-2020,5943174,889676,2209818,364165,678818,649212,35625,30316912
05-Oct-2020,5884333,874506,2246412,366240,694197,668107,36692,30845323
06-Oct-2020,5825428,859609,2282637,368140,709605,687292,37776,31369708
07-Oct-2020,5766488,844982,2318476,369865,725034,706764,38879,31889783
08-Oct-2020,5707541,830625,2353912,371417,740475,726518,39999,32405294
09-Oct-2020,5648616,816537,2388928,372800,755918,746551,41136,32916016
10-Oct-2020,5589740,802716,2423509,374016,771356,766859,42291,33421688
11-Oct-2020,5530937,789159,2457642,375068,786780,787437,43463,33922143
12-Oct-2020,5472235,775863,2491313,375959,802182,808282,44652,34417228
13-Oct-2020,5413656,762827,2524510,376693,817554,829390,45858,34906608
14-Oct-2020,5355224,750046,2557222,377272,832887,850755,47081,35390202
15-Oct-2020,5296962,737517,2589437,377701,848176,872374,48320,35867835
16-Oct-2020,5238891,725236,2621148,377983,863411,894242,49575,36339344
17-Oct-2020,5181031,713201,2652344,378123,878587,916355,50847,36804619
18-Oct-2020,5123403,701406,2683017,378124,893695,938708,52134,37263484
19-Oct-2020,5066024,689847,2713161,377991,908731,961297,53437,37715791
20-Oct-2020,5008913,678521,2742769,377727,923686,984117,54755,38161531
21-Oct-2020,4952086,667423,2771834,377336,938556,1007163,56089,38600504
22-Oct-2020,4895560,656549,2800352,376823,953334,1030432,57438,39032649
23-Oct-2020,4839349,645894,2828319,376193,968014,1053917,58801,39457887
24-Oct-2020,4783469,635454,2855729,375449,982591,1077615,60179,39876097
25-Oct-2020,4727932,625226,2882581,374595,997060,1101521,61572,40287292
26-Oct-2020,4672752,615203,2908871,373636,1011416,1125630,62979,40691349
27-Oct-2020,4617941,605383,2934596,372575,1025654,1149938,64400,41088227
28-Oct-2020,4563509,595761,2959756,371417,1039770,1174440,65834,41477888
29-Oct-2020,4509467,586332,2984349,370167,1053759,1199132,67282,41860255
30-Oct-2020,4455826,577092,3008374,368827,1067618,1224008,68743,42235372
31-Oct-2020,4402594,568037,3031831,367402,1081342,1249064,70217,42603216
01-Nov-2020,4349780,559164,3054720,365896,1094928,1274296,71705,42963630
02-Nov-2020,4297391,550467,3077041,364313,1108372,1299698,73204,43316719
03-Nov-2020,4245436,541943,3098796,362656,1121672,1325267,74717,43662450
04-Nov-2020,4193920,533588,3119986,360929,1134824,1350999,76241,44000814
05-Nov-2020,4142850,525399,3140612,359135,1147826,1376887,77777,44331857
06-Nov-2020,4092231,517371,3160677,357279,1160675,1402929,79326,44655500
07-Nov-2020,4042069,509501,3180183,355363,1173368,1429119,80885,44971793
08-Nov-2020,3992367,501784,3199131,353391,1185904,1455454,82456,45280829
09-Nov-2020,3943131,494219,3217526,351366,1198279,1481928,84038,45582515
10-Nov-2020,3894363,486800,3235370,349291,1210494,1508538,85631,45876924
11-Nov-2020,3846066,479525,3252666,347170,1222545,1535280,87235,46164088
12-Nov-2020,3798245,472391,3269419,345005,1234431,1562148,88849,46443990
13-Nov-2020,3750899,465394,3285631,342799,1246151,1589139,90473,46716775
14-Nov-2020,3704033,458531,3301308,340556,1257704,1616249,92107,46982381
15-Nov-2020,3657647,451799,3316452,338277,1269088,1643474,93751,47240878
16-Nov-2020,3611742,445194,3331069,335965,1280302,1670810,95405,47492312
17-Nov-2020,3566320,438715,3345163,333623,1291346,1698252,97068,47736698
18-Nov-2020,3521381,432358,3358739,331254,1302219,1725796,98740,47974183
19-Nov-2020,3476925,426121,3371801,328859,1312921,1753440,100421,48204766
20-Nov-2020,3432952,420000,3384355,326441,1323450,1781178,102111,48428405
21-Nov-2020,3389462,413993,3396406,324002,1333807,1809007,103810,48645274
22-Nov-2020,3346454,408098,3407959,321545,1343992,1836924,105517,48855394
23-Nov-2020,3303928,402311,3419018,319070,1354004,1864924,107232,49058822
24-Nov-2020,3261882,396631,3429591,316581,1363843,1893004,108955,49255664
25-Nov-2020,3220315,391055,3439682,314080,1373510,1921160,110686,49445874
26-Nov-2020,3179226,385581,3449296,311567,1383004,1949389,112424,49629606
27-Nov-2020,3138613,380206,3458440,309044,1392326,1977687,114170,49806965
28-Nov-2020,3098475,374929,3467119,306514,1401476,2006051,115923,49977901
29-Nov-2020,3058808,369747,3475339,303978,1410455,2034477,117683,50142543
30-Nov-2020,3019612,364658,3483105,301437,1419263,2062962,119450,50300958
01-Dec-2020,2980883,359660,3490425,298893,1427901,2091502,121224,50453170
02-Dec-2020,2942619,354751,3497303,296348,1436369,2120095,123004,50599375
03-Dec-2020,2904817,349929,3503745,293801,1444668,2148736,124791,50739514
04-Dec-2020,2867475,345192,3509758,291256,1452799,2177424,126583,50873703
05-Dec-2020,2830590,340539,3515348,288712,1460763,2206154,128382,51002015
06-Dec-2020,2794158,335967,3520520,286172,1468560,2234923,130186,51124494
07-Dec-2020,2758177,331475,3525281,283636,1476192,2263730,131996,51241325
08-Dec-2020,2722644,327061,3529637,281105,1483660,2292569,133812,51352480
09-Dec-2020,2687554,322723,3533593,278580,1490964,2321440,135632,51457992
10-Dec-2020,2652905,318461,3537156,276063,1498106,2350338,137458,51558036
11-Dec-2020,2618694,314271,3540332,273553,1505086,2379261,139289,51652641
12-Dec-2020,2584916,310154,3543127,271053,1511907,2408207,141125,51741888
13-Dec-2020,2551567,306106,3545547,268562,1518569,2437171,142965,51825889
14-Dec-2020,2518646,302128,3547597,266081,1525073,2466153,144810,51904603
15-Dec-2020,2486147,298216,3549285,263612,1531421,2495148,146659,51978230
16-Dec-2020,2454066,294371,3550615,261154,1537614,2524155,148512,52046850
17-Dec-2020,2422401,290590,3551595,258709,1543653,2553170,150369,52110422
18-Dec-2020,2391147,286872,3552229,256277,1549540,2582192,152231,52169094
19-Dec-2020,2360300,283217,3552524,253858,1555276,2611218,154095,52222930
20-Dec-2020,2329856,279622,3552485,251453,1560862,2640245,155964,52271967
21-Dec-2020,2299812,276087,3552118,249063,1566300,2669271,157836,52316408
22-Dec-2020,2270163,272609,3551430,246688,1571591,2698294,159711,52356176
23-Dec-2020,2240905,269189,3550426,244328,1576738,2727311,161590,52391400
24-Dec-2020,2212035,265825,3549111,241984,1581740,2756320,163471,52422153
25-Dec-2020,2183548,262516,3547492,239656,1586600,2785319,165356,52448482
26-Dec-2020,2155440,259261,3545573,237345,1591319,2814306,167243,52470574
27-Dec-2020,2127707,256058,3543361,235050,1595899,2843279,169133,52488361
28-Dec-2020,2100345,252907,3540861,232773,1600340,2872235,171025,52501927
29-Dec-2020,2073350,249807,3538079,230513,1604646,2901172,172920,52511418
30-Dec-2020,2046718,246756,3535020,228270,1608816,2930089,174817,52516856
31-Dec-2020,2020445,243754,3531689,226046,1612853,2958984,176716,52518320
01-Jan-2021,1994527,240800,3528092,223839,1616759,2987854,178618,52515912
02-Jan-2021,1968959,237893,3524233,221650,1620534,3016698,180521,52509582
03-Jan-2021,1943738,235031,3520120,219480,1624180,3045513,182426,52499551
04-Jan-2021,1918859,232215,3515755,217328,1627699,3074299,184332,52485856
05-Jan-2021,1894319,229443,3511146,215195,1631092,3103052,186240,52468458
06-Jan-2021,1870114,226714,3506296,213080,1634361,3131772,188150,52447502
07-Jan-2021,1846239,224028,3501210,210984,1637508,3160457,190061,52423041
08-Jan-2021,1822691,221384,3495895,208907,1640533,3189105,191973,52395106
09-Jan-2021,1799465,218780,3490354,206849,1643438,3217715,193886,52363892
10-Jan-2021,1776558,216217,3484592,204809,1646226,3246284,195801,52329299
11-Jan-2021,1753966,213693,3478615,202789,1648896,3274812,197716,52291454
12-Jan-2021,1731684,211208,3472427,200788,1651452,3303296,199632,52250420
13-Jan-2021,1709710,208761,3466033,198805,1653894,3331736,201548,52206238
14-Jan-2021,1688038,206351,3459437,196842,1656223,3360130,203466,52159079
15-Jan-2021,1666666,203978,3452644,194897,1658442,3388475,205383,52108843
16-Jan-2021,1645590,201641,3445658,192972,1660552,3416772,207302,52055645
17-Jan-2021,1624805,199339,3438484,191065,1662554,3445019,209220,51999592
18-Jan-2021,1604308,197072,3431127,189178,1664450,3473214,211139,51940697
19-Jan-2021,1584096,194839,3423590,187309,1666241,3501355,213058,51879029
20-Jan-2021,1564164,192639,3415878,185458,1667929,3529443,214976,51814671
21-Jan-2021,1544508,190473,3407995,183627,1669514,3557474,216895,51747569
22-Jan-2021,1525127,188338,3399946,181814,1670999,3585450,218814,51677943
23-Jan-2021,1506015,186235,3391734,180020,1672385,3613367,220732,51605789
24-Jan-2021,1487169,184163,3383363,178244,1673673,3641225,222651,51531069
25-Jan-2021,1468586,182122,3374838,176486,1674865,3669022,224568,51453917
26-Jan-2021,1450261,180110,3366163,174747,1675962,3696759,226485,51374372
27-Jan-2021,1432193,178129,3357340,173025,1676965,3724433,228402,51292456
28-Jan-2021,1414377,176176,3348375,171322,1677876,3752043,230318,51208347
29-Jan-2021,1396810,174251,3339271,169637,1678696,3779589,232234,51121926
30-Jan-2021,1379488,172355,3330031,167970,1679426,3807070,234148,51033316
31-Jan-2021,1362408,170486,3320660,166320,1680068,3834484,236062,50942563
01-Feb-2021,1345567,168644,3311160,164688,1680623,3861831,237974,50849700
02-Feb-2021,1328962,166829,3301536,163073,1681092,3889109,239886,50754879
03-Feb-2021,1312589,165039,3291791,161476,1681477,3916318,241797,50657974
04-Feb-2021,1296446,163276,3281929,159895,1681779,3943457,243706,50559121
05-Feb-2021,1280529,161537,3271952,158332,1681998,3970525,245614,50458390
06-Feb-2021,1264834,159823,3261864,156786,1682138,3997522,247521,50355783
07-Feb-2021,1249359,158134,3251668,155256,1682197,4024445,249427,50251362
08-Feb-2021,1234102,156469,3241368,153743,1682179,4051296,251331,50145185
09-Feb-2021,1219058,154827,3230967,152247,1682083,4078072,253233,50037198
10-Feb-2021,1204224,153208,3220468,150767,1681912,4104774,255134,49927615
11-Feb-2021,1189599,151612,3209874,149303,1681666,4131400,257034,49816394
12-Feb-2021,1175179,150038,3199188,147855,1681347,4157949,258931,49703500
13-Feb-2021,1160960,148487,3188412,146423,1680955,4184422,260827,49589055
14-Feb-2021,1146941,146957,3177551,145007,1680492,4210817,262722,49473082
15-Feb-2021,1133119,145448,3166607,143607,1679959,4237134,264614,49355598
16-Feb-2021,1119490,143960,3155582,142221,1679357,4263373,266504,49236758
17-Feb-2021,1106052,142493,3144479,140852,1678687,4289532,268393,49116433
18-Feb-2021,1092802,141046,3133302,139497,1677951,4315610,270279,48994738
19-Feb-2021,1079738,139619,3122052,138157,1677149,4341609,272163,48871705
20-Feb-2021,1066857,138212,3110733,136832,1676282,4367526,274045,48747359
21-Feb-2021,1054156,136823,3099347,135522,1675352,4393362,275925,48621830
22-Feb-2021,1041633,135454,3087897,134226,1674359,4419116,277803,48494980
23-Feb-2021,1029285,134104,3076385,132945,1673305,4444787,279678,48366955
24-Feb-2021,1017110,132771,3064813,131678,1672190,4470375,281551,48237792
25-Feb-2021,1005104,131457,3053184,130425,1671015,4495879,283422,48107486
26-Feb-2021,993267,130161,3041501,129186,1669783,4521300,285290,47976089
27-Feb-2021,981595,128882,3029765,127960,1668492,4546637,287155,47843644
28-Feb-2021,970087,127620,3017979,126748,1667146,4571888,289018,47710094
01-Mar-2021,958738,126376,3006146,125550,1665743,4597055,290879,47575643
02-Mar-2021,947549,125147,2994267,124365,1664286,4622136,292737,47440222
03-Mar-2021,936515,123936,2982344,123193,1662775,4647131,294592,47303797
04-Mar-2021,925635,122740,2970380,122035,1661212,4672041,296444,47166478
05-Mar-2021,914907,121561,2958377,120889,1659596,4696863,298294,47028279
06-Mar-2021,904328,120397,2946337,119756,1657930,4721599,300141,46889208
07-Mar-2021,893896,119248,2934262,118635,1656213,4746248,301985,46749402
08-Mar-2021,883609,118114,2922153,117527,1654447,4770810,303826,46608724
09-Mar-2021,873466,116996,2910014,116431,1652633,4795283,305664,46467283
10-Mar-2021,863463,115892,2897844,115347,1650771,4819669,307500,46325100
11-Mar-2021,853599,114803,2885648,114276,1648863,4843967,309332,46182193
12-Mar-2021,843872,113728,2873425,113216,1646908,4868177,311161,46038669
13-Mar-2021,834280,112666,2861179,112168,1644909,4892297,312987,45894388
14-Mar-2021,824821,111619,2848911,111131,1642865,4916329,314810,45749500
15-Mar-2021,815493,110585,2836622,110106,1640778,4940272,316630,45604015
16-Mar-2021,806294,109565,2824314,109092,1638648,4964126,318447,45457924
17-Mar-2021,797222,108558,2811990,108090,1636477,4987891,320260,45311270
18-Mar-2021,788275,107564,2799650,107098,1634264,5011566,322071,45164082
19-Mar-2021,779452,106582,2787296,106118,1632010,5035152,323878,45016305
20-Mar-2021,770750,105613,2774929,105148,1629717,5058647,325681,44868131
21-Mar-2021,762169,104657,2762552,104189,1627386,5082053,327482,44719469
22-Mar-2021,753706,103713,2750165,103240,1625015,5105369,329279,44570290
23-Mar-2021,745359,102781,2737771,102302,1622608,5128595,331072,44420694
24-Mar-2021,737127,101860,2725370,101374,1620164,5151730,332863,44270683
25-Mar-2021,729007,100952,2712964,100456,1617683,5174775,334649,44120263
26-Mar-2021,721000,100055,2700554,99548,1615167,5197730,336432,43969552
27-Mar-2021,713102,99169,2688142,98650,1612617,5220595,338212,43818411
28-Mar-2021,705312,98294,2675729,97762,1610032,5243369,339988,43666945
29-Mar-2021,697629,97430,2663317,96884,1607414,5266052,341761,43515163
30-Mar-2021,690051,96578,2650905,96015,1604763,5288645,343530,43363078
31-Mar-2021,682576,95736,2638497,95155,1602081,5311147,345295,43210779
01-Apr-2021,675204,94904,2626092,94305,1599366,5333559,347057,43058127
02-Apr-2021,667932,94083,2613693,93464,1596621,5355880,348815,42905274
03-Apr-2021,660759,93272,2601300,92632,1593845,5378110,350570,42752207
04-Apr-2021,653683,92471,2588914,91809,1591040,5400250,352321,42598914
05-Apr-2021,646704,91680,2576536,90995,1588206,5422299,354068,42445435
06-Apr-2021,639819,90898,2564169,90190,1585343,5444257,355811,42291783
07-Apr-2021,633028,90127,2551812,89393,1582453,5466125,357550,42137913
08-Apr-2021,626329,89364,2539466,88605,1579535,5487902,359286,41983997
09-Apr-2021,619720,88612,2527133,87825,1576590,5509589,361018,41829931
10-Apr-2021,613201,87868,2514814,87054,1573619,5531186,362746,41675695
11-Apr-2021,606769,87134,2502509,86290,1570623,5552692,364470,41521375
12-Apr-2021,600425,86408,2490220,85535,1567601,5574107,366190,41366968
13-Apr-2021,594166,85691,2477947,84788,1564555,5595433,367907,41212477
14-Apr-2021,587991,84983,2465692,84049,1561484,5616668,369619,41058002
15-Apr-2021,581899,84284,2453455,83318,1558390,5637813,371328,40903411
16-Apr-2021,575889,83593,2441237,82594,1555273,5658868,373033,40748798
17-Apr-2021,569959,82910,2429039,81878,1552134,5679834,374733,40594165
18-Apr-2021,564109,82236,2416861,81170,1548972,5700709,376430,40439524
19-Apr-2021,558337,81570,2404705,80468,1545789,5721495,378123,40284946
20-Apr-2021,552643,80912,2392571,79775,1542585,5742191,379812,40130298
21-Apr-2021,547024,80261,2380460,79088,1539360,5762797,381496,39975730
22-Apr-2021,541480,79618,2368373,78409,1536115,5783314,383177,39821211
23-Apr-2021,536010,78984,2356311,77737,1532850,5803742,384854,39666731
24-Apr-2021,530613,78356,2344273,77071,1529566,5824081,386527,39512322
25-Apr-2021,525287,77736,2332262,76413,1526264,5844331,388195,39357990
26-Apr-2021,520032,77124,2320276,75762,1522943,5864492,389860,39203694
27-Apr-2021,514846,76518,2308318,75117,1519604,5884564,391520,39049594
28-Apr-2021,509729,75920,2296388,74479,1516247,5904548,393176,38895572
29-Apr-2021,504680,75329,2284486,73847,1512874,5924443,394828,38741621
30-Apr-2021,499697,74744,2272613,73222,1509484,5944251,396476,38587813
01-May-2021,494780,74167,2260770,72603,1506077,5963970,398120,38434142
02-May-2021,489927,73596,2248957,71991,1502655,5983601,399760,38280608
03-May-2021,485139,73033,2237174,71385,1499217,6003145,401395,38127295
04-May-2021,480413,72475,2225423,70785,1495765,6022601,403027,37974080
05-May-2021,475749,71924,2213703,70191,1492297,6041969,404654,37821050
06-May-2021,471146,71380,2202015,69603,1488816,6061251,406277,37668201
07-May-2021,466603,70842,2190360,69021,1485320,6080445,407896,37515542
08-May-2021,462119,70310,2178739,68445,1481811,6099553,409510,37363129
09-May-2021,457694,69784,2167151,67875,1478289,6118574,411121,37210840
10-May-2021,453327,69264,2155597,67310,1474754,6137509,412727,37058819
11-May-2021,449016,68750,2144077,66752,1471206,6156358,414329,36907022
12-May-2021,444761,68242,2132592,66198,1467647,6175120,415926,36755440
13-May-2021,440561,67740,2121143,65651,1464075,6193797,417520,36604102
14-May-2021,436416,67244,2109729,65108,1460493,6212389,419109,36453007
15-May-2021,432324,66753,2098352,64571,1456899,6230895,420694,36302119
16-May-2021,428284,66268,2087011,64040,1453294,6249315,422274,36151583
17-May-2021,424297,65789,2075707,63514,1449679,6267651,423851,36001276
18-May-2021,420362,65315,2064440,62992,1446054,6285902,425423,35851201
19-May-2021,416476,64846,2053210,62477,1442419,6304069,426990,35701419
20-May-2021,412641,64382,2042019,61966,1438774,6322152,428554,35551920
21-May-2021,408854,63924,2030865,61460,1435120,6340150,430113,35402704
22-May-2021,405116,63471,2019750,60959,1431458,6358065,431668,35253841
23-May-2021,401426,63023,2008674,60463,1427787,6375896,433219,35105217
24-May-2021,397783,62580,1997636,59972,1424107,6393644,434765,34956913
25-May-2021,394186,62142,1986638,59485,1420420,6411309,436307,34808920
26-May-2021,390635,61709,1975680,59003,1416724,6428891,437844,34661245
27-May-2021,387129,61281,1964761,58526,1413022,6446391,439378,34513933
28-May-2021,383667,60857,1953882,58054,1409312,6463808,440907,34366872
29-May-2021,380249,60438,1943044,57586,1405595,6481143,442431,34220199
30-May-2021,376875,60024,1932246,57123,1401872,6498397,443952,34073862
31-May-2021,373542,59615,1921489,56664,1398142,6515568,445468,33927853
01-Jun-2021,370252,59210,1910772,56209,1394406,6532659,446979,33782198
02-Jun-2021,367003,58809,1900097,55759,1390664,6549668,448487,33636889
03-Jun-2021,363795,58413,1889463,55313,1386916,6566597,449990,33491899
04-Jun-2021,360627,58021,1878871,54871,1383164,6583445,451488,33347358
05-Jun-2021,357499,57634,1868320,54434,1379406,6600213,452983,33203139
06-Jun-2021,354410,57250,1857811,54001,1375643,6616900,454473,33059256
07-Jun-2021,351359,56871,1847343,53571,1371875,6633508,455958,32915759
08-Jun-2021,348346,56496,1836918,53146,1368104,6650037,457440,32772635
09-Jun-2021,345371,56125,1826535,52725,1364327,6666486,458916,32629886
10-Jun-2021,342433,55759,1816195,52308,1360547,6682857,460389,32487569
11-Jun-2021,339531,55396,1805897,51894,1356764,6699148,461857,32345581
12-Jun-2021,336665,55037,1795642,51485,1352976,6715362,463321,32203995
13-Jun-2021,333834,54682,1785429,51079,1349186,6731497,464781,32062799
14-Jun-2021,331039,54330,1775259,50677,1345392,6747554,466236,31921999
15-Jun-2021,328277,53983,1765132,50279,1341595,6763534,467687,31781631
16-Jun-2021,325550,53639,1755048,49885,1337796,6779436,469133,31641594
17-Jun-2021,322856,53299,1745007,49494,1333994,6795261,470576,31502017
18-Jun-2021,320195,52963,1735009,49106,1330190,6811010,472013,31362841
19-Jun-2021,317567,52630,1725055,48723,1326384,6826682,473447,31224061
20-Jun-2021,314971,52301,1715144,48343,1322576,6842277,474876,31085699
21-Jun-2021,312406,51975,1705276,47966,1318767,6857797,476301,30947746
22-Jun-2021,309873,51653,1695451,47593,1314955,6873241,477721,30810178
23-Jun-2021,307370,51334,1685670,47223,1311143,6888610,479137,30673113
24-Jun-2021,304898,51018,1675933,46856,1307329,6903904,480549,30536423
25-Jun-2021,302455,50706,1666239,46493,1303515,6919123,481957,30400132
26-Jun-2021,300042,50397,1656588,46133,1299699,6934267,483360,30264279
27-Jun-2021,297659,50092,1646981,45777,1295883,6949337,484759,30128852
28-Jun-2021,295304,49789,1637418,45423,1292067,6964333,486153,29993852
29-Jun-2021,292977,49490,1627898,45073,1288250,6979255,487543,29859324
30-Jun-2021,290678,49194,1618422,44726,1284433,6994104,488929,29725179
01-Jul-2021,288407,48901,1608990,44382,1280617,7008880,490311,29591480
02-Jul-2021,286163,48611,1599601,44041,1276800,7023583,491688,29458216
03-Jul-2021,283946,48324,1590256,43704,1272984,7038213,493061,29325392
04-Jul-2021,281755,48040,1580954,43369,1269168,7052771,494429,29193032
05-Jul-2021,279590,47759,1571696,43037,1265353,7067257,495794,29061050
06-Jul-2021,277451,47481,1562482,42708,1261539,7081672,497154,28929566
07-Jul-2021,275338,47206,1553311,42382,1257726,7096015,498510,28798515
08-Jul-2021,273249,46934,1544184,42059,1253914,7110287,499861,28667897
09-Jul-2021,271185,46664,1535100,41739,1250103,7124487,501208,28537730
10-Jul-2021,269146,46398,1526060,41421,1246294,7138618,502551,28408003
11-Jul-2021,267130,46134,1517063,41107,1242486,7152678,503890,28278697
12-Jul-2021,265138,45872,1508110,40795,1238680,7166668,505224,28149917
13-Jul-2021,263170,45614,1499200,40486,1234876,7180588,506554,28021538
14-Jul-2021,261224,45358,1490333,40179,1231074,7194439,507880,27893593
15-Jul-2021,259302,45104,1481510,39875,1227274,7208221,509201,27766109
16-Jul-2021,257402,44854,1472730,39574,1223476,7221934,510518,27639075
17-Jul-2021,255524,44605,1463993,39276,1219680,7235578,511831,27512493
18-Jul-2021,253667,44360,1455299,38980,1215887,7249154,513140,27386398
19-Jul-2021,251833,44117,1446648,38686,1212097,7262663,514445,27260714
20-Jul-2021,250020,43876,1438040,38395,1208309,7276103,515745,27135495
21-Jul-2021,248227,43638,1429475,38107,1204524,7289476,517041,27010729
22-Jul-2021,246456,43402,1420953,37821,1200742,7302781,518333,26886421
23-Jul-2021,244704,43168,1412473,37538,1196963,7316020,519620,26762589
24-Jul-2021,242973,42937,1404036,37257,1193187,7329193,520904,26639158
25-Jul-2021,241262,42708,1395642,36978,1189415,7342299,522183,26516237
26-Jul-2021,239571,42481,1387291,36702,1185646,7355339,523458,26393761
27-Jul-2021,237899,42257,1378981,36428,1181880,7368313,524729,26271731
28-Jul-2021,236246,42035,1370715,36156,1178118,7381222,525995,26150164
29-Jul-2021,234612,41815,1362490,35887,1174360,7394065,527258,26029046
30-Jul-2021,232996,41598,1354307,35620,1170606,7406844,528516,25908364
31-Jul-2021,231399,41382,1346167,35355,1166855,7419558,529770,25788211
01-Aug-2021,229820,41169,1338069,35093,1163109,7432208,531020,25668466
02-Aug-2021,228259,40958,1330012,34833,1159366,7444794,532266,25549167
03-Aug-2021,226716,40748,1321997,34574,1155628,7457316,533507,25430334
04-Aug-2021,225190,40541,1314024,34319,1151895,7469774,534745,25311958
05-Aug-2021,223681,40336,1306092,34065,1148165,7482170,535978,25194038
06-Aug-2021,222189,40133,1298202,33813,1144440,7494502,537207,25076604
07-Aug-2021,220714,39932,1290354,33563,1140720,7506772,538432,24959589
08-Aug-2021,219256,39733,1282546,33316,1137004,7518979,539653,24843041
09-Aug-2021,217814,39536,1274779,33071,1133293,7531125,540870,24726948
10-Aug-2021,216387,39341,1267054,32827,1129587,7543208,542083,24611315
11-Aug-2021,214977,39148,1259369,32586,1125886,7555230,543291,24496152
12-Aug-2021,213583,38956,1251726,32346,1122190,7567191,544496,24381395
13-Aug-2021,212204,38767,1244122,32109,1118499,7579090,545696,24267147
14-Aug-2021,210840,38579,1236560,31873,1114813,7590930,546893,24153339
15-Aug-2021,209492,38393,1229037,31640,1111132,7602708,548085,24039976
16-Aug-2021,208158,38209,1221555,31408,1107457,7614427,549273,23927072
17-Aug-2021,206839,38027,1214114,31179,1103787,7626085,550457,23814613
18-Aug-2021,205535,37846,1206712,30951,1100122,7637684,551637,23702591
19-Aug-2021,204245,37667,1199350,30725,1096463,7649224,552813,23591085
20-Aug-2021,202969,37490,1192028,30501,1092810,7660704,553985,23479981
21-Aug-2021,201707,37315,1184745,30278,1089162,7672126,555153,23369323
22-Aug-2021,200459,37141,1177502,30058,1085520,7683489,556317,23259123
23-Aug-2021,199225,36969,1170299,29839,1081884,7694794,557477,23149372
24-Aug-2021,198004,36799,1163134,29622,1078254,7706041,558633,23040071
25-Aug-2021,196796,36630,1156009,29407,1074630,7717230,559785,22931241
26-Aug-2021,195601,36463,1148923,29193,1071011,7728362,560933,22822826
27-Aug-2021,194420,36297,1141875,28982,1067399,7739436,562077,22714869
28-Aug-2021,193251,36133,1134867,28772,1063793,7750454,563218,22607357
29-Aug-2021,192094,35971,1127896,28563,1060193,7761415,564354,22500294
30-Aug-2021,190951,35810,1120965,28357,1056600,7772320,565486,22393687
31-Aug-2021,189819,35651,1114071,28152,1053012,7783168,566614,22287482
01-Sep-2021,188700,35493,1107216,27948,1049431,7793961,567738,22181770
02-Sep-2021,187593,35336,1100398,27747,1045857,7804698,568859,22076485
03-Sep-2021,186497,35182,1093619,27546,1042289,7815379,569975,21971633
04-Sep-2021,185413,35028,1086877,27348,1038727,7826006,571088,21867227
05-Sep-2021,184341,34876,1080173,27151,1035172,7836578,572196,21763253
06-Sep-2021,183281,34725,1073506,26956,1031624,7847095,573301,21659705
07-Sep-2021,182231,34576,1066876,26762,1028082,7857558,574402,21556654
08-Sep-2021,181193,34429,1060284,26569,1024547,7867967,575499,21453989
09-Sep-2021,180165,34282,1053728,26379,1021019,7878322,576592,21351761
10-Sep-2021,179149,34137,1047210,26189,1017498,7888623,577681,21249974
11-Sep-2021,178143,33993,1040728,26001,1013984,7898871,578766,21148619
12-Sep-2021,177148,33851,1034283,25815,1010476,7909067,579848,21047700
13-Sep-2021,176163,33710,1027873,25630,1006976,7919209,580925,20947231
14-Sep-2021,175189,33570,1021501,25447,1003482,7929299,581999,20847166
15-Sep-2021,174225,33432,1015164,25265,999996,7939337,583069,20747540
16-Sep-2021,173271,33295,1008863,25084,996516,7949322,584135,20648342
17-Sep-2021,172327,33159,1002598,24905,993044,7959256,585198,20549576
18-Sep-2021,171393,33024,996369,24727,989579,7969138,586257,20451243
19-Sep-2021,170468,32891,990175,24551,986121,7978969,587311,20353301
20-Sep-2021,169553,32759,984017,24376,982671,7988749,588362,20255831
21-Sep-2021,168648,32628,977893,24202,979227,7998479,589410,20158767
22-Sep-2021,167752,32498,971805,24030,975791,8008157,590453,20062119
23-Sep-2021,166865,32369,965752,23859,972363,8017786,591493,19965897
24-Sep-2021,165988,32242,959733,23690,968942,8027364,592529,19870088
25-Sep-2021,165119,32116,953749,23521,965528,8036893,593561,19774688
26-Sep-2021,164259,31990,947799,23354,962122,8046372,594590,19679759
27-Sep-2021,163409,31866,941884,23189,958723,8055802,595615,19585198
28-Sep-2021,162566,31744,936003,23024,955332,8065182,596636,19491056
29-Sep-2021,161733,31622,930156,22861,951948,8074514,597654,19397334
30-Sep-2021,160908,31501,924342,22699,948572,8083798,598668,19304023
01-Oct-2021,160091,31382,918562,22538,945203,8093032,599678,19211127
02-Oct-2021,159283,31263,912816,22379,941843,8102219,600684,19118656
03-Oct-2021,158483,31146,907103,22221,938489,8111358,601687,19026572
04-Oct-2021,157691,31029,901423,22064,935144,8120449,602686,18934904
05-Oct-2021,156907,30914,895777,21908,931806,8129493,603682,18843642
06-Oct-2021,156131,30800,890163,21753,928476,8138490,604674,18752791
07-Oct-2021,155363,30687,884582,21600,925154,8147440,605662,18662348
08-Oct-2021,154603,30574,879033,21448,921840,8156343,606647,18572278
09-Oct-2021,153850,30463,873518,21296,918533,8165199,607628,18482655
10-Oct-2021,153105,30353,868034,21146,915235,8174009,608605,18393416
11-Oct-2021,152367,30244,862582,20998,911944,8182774,609579,18304570
12-Oct-2021,151637,30135,857163,20850,908661,8191492,610549,18216126
13-Oct-2021,150913,30028,851775,20703,905386,8200165,611516,18128072
14-Oct-2021,150198,29922,846419,20558,902120,8208793,612479,18040408
15-Oct-2021,149489,29816,841094,20413,898861,8217375,613439,17953185
16-Oct-2021,148787,29712,835801,20270,895610,8225913,614395,17866308
17-Oct-2021,148092,29608,830539,20128,892367,8234405,615348,17779831
18-Oct-2021,147404,29506,825308,19987,889132,8242854,616297,17693747
19-Oct-2021,146723,29404,820108,19847,885905,8251258,617242,17608052
20-Oct-2021,146049,29303,814939,19708,882686,8259618,618184,17522748
21-Oct-2021,145381,29203,809800,19570,879475,8267935,619123,17437840
22-Oct-2021,144720,29104,804692,19433,876273,8276208,620058,17353300
23-Oct-2021,144065,29006,799614,19297,873078,8284437,620990,17269152
24-Oct-2021,143417,28908,794567,19162,869892,8292623,621918,17185385
25-Oct-2021,142775,28812,789549,19028,866714,8300767,622843,17102004
26-Oct-2021,142140,28716,784561,18895,863543,8308868,623764,17019004
27-Oct-2021,141510,28621,779603,18763,860382,8316926,624682,16936357
28-Oct-2021,140887,28527,774675,18632,857228,8324942,625596,16854130
29-Oct-2021,140270,28434,769776,18502,854082,8332916,626507,16772261
30-Oct-2021,139658,28342,764906,18373,850945,8340848,627415,16690762
31-Oct-2021,139053,28250,760065,18245,847816,8348739,628319,16609639
01-Nov-2021,138454,28159,755253,18118,844695,8356588,629220,16528883
02-Nov-2021,137860,28069,750470,17992,841583,8364396,630118,16448493
03-Nov-2021,137272,27980,745716,17867,838478,8372163,631012,16368513
04-Nov-2021,136690,27892,740990,17742,835382,8379889,631902,16288857
05-Nov-2021,136113,27804,736293,17619,832294,8387574,632790,16209578
06-Nov-2021,135542,27717,731624,17496,829215,8395220,633674,16130667
07-Nov-2021,134976,27631,726983,17375,826144,8402825,634555,16052118
08-Nov-2021,134416,27545,722370,17254,823081,8410390,635432,15973936
09-Nov-2021,133861,27460,717785,17134,820026,8417915,636306,15896122
10-Nov-2021,133311,27376,713227,17016,816980,8425401,637177,15818653
11-Nov-2021,132766,27293,708697,16898,813942,8432847,638044,15741550
12-Nov-2021,132227,27211,704194,16780,810912,8440254,638909,15664802
13-Nov-2021,131693,27129,699719,16664,807891,8447622,639770,15588416
14-Nov-2021,131164,27048,695270,16549,804878,8454952,640627,15512383
15-Nov-2021,130640,26967,690849,16434,801873,8462243,641482,15436682
16-Nov-2021,130121,26887,686454,16320,798877,8469495,642333,15361373
17-Nov-2021,129606,26808,682086,16207,795889,8476709,643181,15286395
18-Nov-2021,129097,26730,677744,16095,792910,8483886,644026,15211762
19-Nov-2021,128592,26652,673429,15984,789939,8491024,644867,15137480
20-Nov-2021,128092,26575,669140,15874,786976,8498125,645706,15063540
21-Nov-2021,127597,26498,664877,15764,784021,8505189,646541,14989942
22-Nov-2021,127107,26422,660640,15655,781075,8512215,647373,14916723
23-Nov-2021,126621,26347,656429,15547,778138,8519205,648202,14843806
24-Nov-2021,126139,26273,652243,15440,775208,8526157,649027,14771241
25-Nov-2021,125662,26199,648083,15333,772288,8533073,649850,14699018
26-Nov-2021,125190,26125,643949,15227,769375,8539952,650669,14627132
27-Nov-2021,124721,26053,639839,15122,766471,8546796,651485,14555587
28-Nov-2021,124257,25981,635755,15018,763575,8553603,652298,14484381
29-Nov-2021,123798,25909,631696,14915,760688,8560374,653108,14413499
30-Nov-2021,123343,25838,627661,14812,757809,8567110,653915,14342957
01-Dec-2021,122891,25768,623651,14710,754938,8573810,654719,14272744
02-Dec-2021,122444,25698,619666,14609,752076,8580474,655519,14202866
03-Dec-2021,122002,25629,615706,14508,749222,8587104,656317,14133315
04-Dec-2021,121563,25560,611769,14408,746377,8593698,657112,14064075
05-Dec-2021,121128,25492,607857,14309,743540,8600258,657903,13995197
06-Dec-2021,120697,25425,603969,14211,740711,8606783,658691,13926626
07-Dec-2021,120270,25358,600104,14113,737891,8613274,659477,13858374
08-Dec-2021,119847,25292,596264,14017,735079,8619730,660259,13790448
09-Dec-2021,119428,25226,592447,13920,732275,8626153,661038,13722839
10-Dec-2021,119013,25161,588653,13825,729480,8632541,661815,13655548
11-Dec-2021,118601,25096,584883,13730,726693,8638896,662588,13588606
12-Dec-2021,118193,25032,581136,13636,723915,8645217,663358,13521944
13-Dec-2021,117789,24968,577413,13542,721145,8651505,664125,13455610
14-Dec-2021,117389,24905,573712,13449,718383,8657760,664890,13389591
15-Dec-2021,116992,24843,570034,13357,715629,8663981,665651,13323885
16-Dec-2021,116599,24780,566379,13266,712884,8670170,666409,13258494
17-Dec-2021,116209,24719,562746,13175,710148,8676326,667165,13193415
18-Dec-2021,115823,24658,559136,13085,707419,8682450,667917,13128638
19-Dec-2021,115440,24597,555548,12995,704699,8688541,668667,13064174
20-Dec-2021,115061,24537,551983,12906,701987,8694600,669414,13000015
21-Dec-2021,114685,24478,548439,12818,699284,8700627,670157,12936166
22-Dec-2021,114312,24418,544918,12730,696589,8706622,670898,12872618
23-Dec-2021,113943,24360,541418,12643,693902,8712585,671636,12809358
24-Dec-2021,113577,24302,537940,12557,691223,8718517,672371,12746434
25-Dec-2021,113214,24244,534484,12471,688553,8724418,673103,12683791
26-Dec-2021,112854,24187,531049,12386,685891,8730287,673833,12621444
27-Dec-2021,112498,24130,527636,12301,683238,8736126,674559,12559398
28-Dec-2021,112145,24074,524243,12217,680592,8741933,675283,12497643
29-Dec-2021,111795,24018,520872,12134,677955,8747710,676003,12436185
30-Dec-2021,111448,23963,517522,12051,675326,8753456,676721,12375045
31-Dec-2021,111104,23908,514193,11969,672705,8759172,677436,12314165
01-Jan-2022,110763,23853,510884,11887,670093,8764858,678149,12253589
02-Jan-2022,110425,23799,507596,11806,667489,8770514,678858,12193303
03-Jan-2022,110090,23745,504329,11726,664893,8776139,679565,12133305
04-Jan-2022,109758,23692,501082,11646,662305,8781735,680269,12073598
05-Jan-2022,109429,23640,497855,11566,659726,8787302,680970,12014178
06-Jan-2022,109103,23587,494648,11487,657154,8792839,681669,11955037
07-Jan-2022,108780,23535,491462,11409,654591,8798346,682364,11896184
08-Jan-2022,108459,23484,488295,11332,652036,8803825,683057,11837613
09-Jan-2022,108142,23433,485148,11254,649489,8809274,683747,11779327
10-Jan-2022,107827,23382,482021,11178,646951,8814695,684435,11721317
11-Jan-2022,107514,23332,478913,11102,644420,8820087,685119,11663575
12-Jan-2022,107205,23282,475825,11026,641898,8825450,685801,11606141
13-Jan-2022,106898,23232,472756,10951,639383,8830785,686481,11548966
14-Jan-2022,106594,23183,469707,10877,636877,8836092,687157,11492063
15-Jan-2022,106292,23135,466676,10803,634379,8841371,687831,11435436
16-Jan-2022,105993,23086,463665,10729,631889,8846622,688502,11379079
17-Jan-2022,105697,23038,460672,10657,629407,8851845,689171,11322995
18-Jan-2022,105403,22991,457698,10584,626933,8857041,689837,11267202
19-Jan-2022,105112,22944,454743,10512,624468,8862208,690500,11211649
20-Jan-2022,104823,22897,451807,10441,622010,8867349,691161,11156377
21-Jan-2022,104537,22850,448889,10370,619560,8872462,691819,11101371
22-Jan-2022,104253,22804,445989,10300,617119,8877549,692474,11046629
23-Jan-2022,103971,22759,443108,10230,614685,8882608,693127,10992156
24-Jan-2022,103692,22713,440244,10160,612259,8887641,693777,10937945
25-Jan-2022,103415,22668,437399,10091,609842,8892647,694425,10883992
26-Jan-2022,103141,22624,434571,10023,607432,8897626,695070,10830304
27-Jan-2022,102869,22579,431762,9955,605030,8902579,695712,10776875
28-Jan-2022,102599,22535,428970,9888,602636,8907506,696352,10723707
29-Jan-2022,102332,22492,426196,9821,600251,8912407,696990,10670792
30-Jan-2022,102067,22449,423439,9754,597873,8917282,697624,10618126
31-Jan-2022,101804,22406,420700,9688,595503,8922131,698256,10565741
01-Feb-2022,101543,22363,417977,9622,593141,8926954,698886,10513593
02-Feb-2022,101285,22321,415273,9557,590786,8931752,699513,10461696
03-Feb-2022,101028,22279,412585,9493,588440,8936525,700138,10410053
04-Feb-2022,100774,22237,409914,9428,586101,8941272,700760,10358657
05-Feb-2022,100522,22196,407260,9364,583771,8945994,701380,10307513
06-Feb-2022,100272,22155,404623,9301,581448,8950691,701997,10256634
07-Feb-2022,100025,22114,402002,9238,579133,8955363,702612,10205976
08-Feb-2022,99779,22074,399398,9176,576826,8960011,703224,10155577
09-Feb-2022,99535,22034,396811,9114,574526,8964634,703833,10105421
10-Feb-2022,99293,21994,394240,9052,572235,8969232,704441,10055509
11-Feb-2022,99054,21955,391685,8991,569951,8973806,705046,10005842
12-Feb-2022,98816,21916,389147,8930,567675,8978356,705648,9956415
13-Feb-2022,98581,21877,386624,8870,565406,8982882,706248,9907226
14-Feb-2022,98347,21839,384118,8810,563145,8987383,706845,9858280
15-Feb-2022,98115,21801,381627,8750,560892,8991861,707440,9809571
16-Feb-2022,97885,21763,379152,8691,558647,8996315,708033,9761102
17-Feb-2022,97657,21725,376693,8633,556409,9000746,708624,9712864
18-Feb-2022,97431,21688,374250,8574,554179,9005153,709211,9664855
19-Feb-2022,97207,21651,371822,8516,551957,9009537,709797,9617104
20-Feb-2022,96985,21614,369409,8459,549742,9013898,710380,9569569
21-Feb-2022,96764,21578,367012,8402,547535,9018235,710961,9522265
22-Feb-2022,96546,21541,364630,8345,545336,9022550,711539,9475193
23-Feb-2022,96329,21506,362263,8289,543144,9026842,712116,9428348
24-Feb-2022,96114,21470,359912,8233,540959,9031111,712689,9381735
25-Feb-2022,95900,21435,357575,8177,538783,9035357,713261,9335362
26-Feb-2022,95689,21400,355253,8122,536613,9039581,713830,9289193
27-Feb-2022,95479,21365,352946,8068,534451,9043782,714397,9243262
28-Feb-2022,95271,21330,350653,8013,532297,9047962,714961,9197553
01-Mar-2022,95064,21296,348375,7959,530150,9052119,715523,9152068
02-Mar-2022,94859,21262,346112,7906,528011,9056254,716083,9106807
03-Mar-2022,94656,21228,343863,7852,525879,9060367,716641,9061765
04-Mar-2022,94455,21195,341629,7799,523755,9064459,717196,9016942
05-Mar-2022,94255,21161,339408,7747,521638,9068529,717749,8972341
06-Mar-2022,94057,21128,337202,7695,519528,9072577,718300,8927957
07-Mar-2022,93860,21096,335010,7643,517426,9076604,718849,8883793
08-Mar-2022,93665,21063,332832,7591,515331,9080609,719395,8839840
09-Mar-2022,93472,21031,330668,7540,513244,9084594,719939,8796098
10-Mar-2022,93280,20999,328517,7490,511163,9088557,720481,8752592
11-Mar-2022,93090,20967,326381,7439,509091,9092499,721021,8709282
12-Mar-2022,92901,20936,324258,7389,507025,9096421,721558,8666184
13-Mar-2022,92714,20904,322148,7339,504967,9100321,722094,8623298
14-Mar-2022,92528,20873,320052,7290,502916,9104201,722627,8580621
15-Mar-2022,92344,20842,317970,7241,500872,9108061,723158,8538156
16-Mar-2022,92161,20812,315900,7192,498836,9111900,723686,8495909
17-Mar-2022,91980,20781,313844,7144,496807,9115718,724213,8453849
18-Mar-2022,91800,20751,311802,7096,494785,9119517,724737,8412009
19-Mar-2022,91622,20721,309772,7048,492770,9123295,725260,8370372
