datetime,S,NI,NR,P,R,ND,D
04-Aug-2020,2773976,198845,169737,9087,5707,797,794
05-Aug-2020,2772692,199424,170177,9206,5849,797,799
06-Aug-2020,2771457,199947,170620,9326,5992,797,804
07-Aug-2020,2770270,200420,171063,9447,6137,797,809
08-Aug-2020,2769130,200847,171501,9570,6284,797,814
09-Aug-2020,2768037,201232,171932,9693,6433,797,819
10-Aug-2020,2766990,201579,172352,9817,6584,797,824
11-Aug-2020,2765986,201892,172760,9942,6737,797,829
12-Aug-2020,2765025,202172,173154,10068,6892,797,835
13-Aug-2020,2764105,202424,173533,10195,7049,797,840
14-Aug-2020,2763224,202650,173896,10323,7208,797,845
15-Aug-2020,2762380,202851,174243,10452,7368,797,851
16-Aug-2020,2761571,203032,174573,10583,7531,797,856
17-Aug-2020,2760796,203192,174886,10714,7696,797,862
18-Aug-2020,2760052,203335,175183,10846,7863,797,868
19-Aug-2020,2759337,203461,175463,10979,8031,797,873
20-Aug-2020,2758651,203573,175726,11114,8202,797,879
21-Aug-2020,2757991,203672,175974,11249,8375,797,885
22-Aug-2020,2757355,203758,176206,11385,8551,797,891
23-Aug-2020,2756741,203834,176423,11523,8728,797,897
24-Aug-2020,2756149,203900,176626,11661,8907,797,903
25-Aug-2020,2755576,203956,176814,11801,9089,797,910
26-Aug-2020,2755021,204005,176990,11942,9272,797,916
27-Aug-2020,2754483,204046,177153,12083,9458,797,922
28-Aug-2020,2753960,204081,177303,12226,9646,797,929
29-Aug-2020,2753451,204110,177443,12370,9837,797,935
30-Aug-2020,2752955,204133,177571,12515,10029,797,942
31-Aug-2020,2752471,204152,177689,12661,10224,797,948
01-Sep-2020,2751998,204165,177798,12809,10421,797,955
02-Sep-2020,2751534,204175,177897,12957,10620,797,962
03-Sep-2020,2751078,204182,177988,13107,10822,797,969
04-Sep-2020,2750631,204185,178071,13258,11026,797,976
05-Sep-2020,2750190,204185,178146,13410,11232,797,983
06-Sep-2020,2749756,204182,178214,13563,11441,797,990
07-Sep-2020,2749327,204177,178275,13717,11652,797,997
08-Sep-2020,2748903,204170,178331,13872,11866,797,1005
09-Sep-2020,2748482,204161,178380,14029,12082,797,1012
10-Sep-2020,2748066,204150,178424,14187,12300,797,1019
11-Sep-2020,2747652,204137,178463,14346,12521,797,1027
12-Sep-2020,2747241,204123,178497,14506,12744,797,1035
13-Sep-2020,2746832,204108,178527,14668,12970,797,1042
14-Sep-2020,2746424,204091,178553,14830,13198,797,1050
15-Sep-2020,2746017,204073,178575,14994,13429,797,1058
16-Sep-2020,2745611,204055,178593,15160,13662,797,1066
17-Sep-2020,2745205,204035,178608,15326,13898,797,1074
18-Sep-2020,2744799,204014,178620,15494,14136,797,1082
19-Sep-2020,2744393,203993,178630,15663,14377,797,1091
20-Sep-2020,2743986,203971,178636,15833,14621,797,1099
21-Sep-2020,2743578,203948,178640,16005,14867,797,1107
22-Sep-2020,2743169,203925,178642,16178,15116,797,1116
23-Sep-2020,2742759,203901,178642,16352,15368,797,1124
24-Sep-2020,2742347,203876,178640,16528,15622,797,1133
25-Sep-2020,2741933,203851,178636,16705,15879,797,1142
26-Sep-2020,2741517,203826,178630,16883,16139,797,1151
27-Sep-2020,2741099,203800,178623,17063,16402,797,1160
28-Sep-2020,2740678,203773,178614,17243,16667,797,1169
29-Sep-2020,2740255,203747,178604,17426,16936,797,1178
30-Sep-2020,2739830,203719,178593,17610,17207,797,1187
01-Oct-2020,2739401,203692,178581,17795,17481,797,1197
02-Oct-2020,2738970,203664,178567,17981,17757,797,1206
03-Oct-2020,2738536,203636,178552,18169,18037,797,1216
04-Oct-2020,2738098,203607,178537,18358,18320,797,1225
05-Oct-2020,2737658,203578,178520,18549,18605,797,1235
06-Oct-2020,2737214,203549,178503,18741,18894,797,1245
07-Oct-2020,2736766,203520,178485,18935,19185,797,1255
08-Oct-2020,2736315,203490,178466,19130,19480,797,1265
09-Oct-2020,2735861,203460,178447,19326,19777,797,1275
10-Oct-2020,2735402,203429,178426,19524,20078,797,1286
11-Oct-2020,2734940,203398,178406,19724,20382,797,1296
12-Oct-2020,2734475,203367,178384,19925,20688,797,1306
13-Oct-2020,2734005,203336,178362,20127,20998,797,1317
14-Oct-2020,2733531,203304,178340,20331,21311,797,1328
15-Oct-2020,2733054,203272,178317,20537,21628,797,1339
16-Oct-2020,2732572,203240,178293,20744,21947,797,1349
17-Oct-2020,2732087,203207,178270,20952,22270,797,1360
18-Oct-2020,2731597,203174,178245,21162,22595,797,1372
19-Oct-2020,2731103,203141,178220,21374,22925,797,1383
20-Oct-2020,2730604,203108,178195,21587,23257,797,1394
21-Oct-2020,2730102,203074,178170,21802,23593,797,1406
22-Oct-2020,2729595,203040,178144,22018,23932,797,1417
23-Oct-2020,2729083,203006,178117,22236,24274,797,1429
24-Oct-2020,2728568,202971,178091,22456,24620,797,1441
25-Oct-2020,2728047,202936,178064,22677,24969,797,1453
26-Oct-2020,2727523,202901,178036,22900,25322,797,1465
27-Oct-2020,2726993,202865,178008,23124,25678,797,1477
28-Oct-2020,2726459,202829,177980,23350,26037,797,1489
29-Oct-2020,2725921,202793,177952,23578,26401,797,1502
30-Oct-2020,2725378,202756,177923,23808,26767,797,1514
31-Oct-2020,2724830,202719,177894,24039,27137,797,1527
01-Nov-2020,2724277,202682,177865,24271,27511,797,1540
02-Nov-2020,2723720,202644,177835,24506,27889,797,1553
03-Nov-2020,2723157,202607,177805,24742,28270,797,1566
04-Nov-2020,2722590,202568,177775,24980,28654,797,1579
05-Nov-2020,2722018,202530,177744,25219,29043,797,1592
06-Nov-2020,2721441,202491,177713,25461,29435,797,1606
07-Nov-2020,2720859,202452,177682,25704,29831,797,1619
08-Nov-2020,2720272,202412,177650,25948,30230,797,1633
09-Nov-2020,2719680,202372,177619,26195,30634,797,1647
10-Nov-2020,2719083,202332,177586,26443,31041,797,1660
11-Nov-2020,2718481,202291,177554,26693,31452,797,1675
12-Nov-2020,2717874,202250,177521,26945,31867,797,1689
13-Nov-2020,2717261,202209,177488,27199,32286,797,1703
14-Nov-2020,2716643,202167,177455,27454,32709,797,1717
15-Nov-2020,2716020,202125,177421,27711,33136,797,1732
16-Nov-2020,2715392,202083,177387,27971,33567,797,1747
17-Nov-2020,2714758,202040,177353,28232,34001,797,1762
18-Nov-2020,2714119,201997,177318,28494,34440,797,1777
19-Nov-2020,2713475,201954,177283,28759,34883,797,1792
20-Nov-2020,2712825,201910,177248,29025,35330,797,1807
21-Nov-2020,2712170,201865,177212,29294,35782,797,1823
22-Nov-2020,2711509,201821,177177,29564,36237,797,1838
23-Nov-2020,2710843,201776,177140,29836,36697,797,1854
24-Nov-2020,2710171,201730,177104,30110,37160,797,1870
25-Nov-2020,2709494,201685,177067,30386,37628,797,1886
26-Nov-2020,2708810,201638,177030,30664,38101,797,1902
27-Nov-2020,2708122,201592,176993,30944,38578,797,1918
28-Nov-2020,2707427,201545,176955,31226,39059,797,1935
29-Nov-2020,2706727,201498,176917,31510,39544,797,1951
30-Nov-2020,2706021,201450,176878,31796,40034,797,1968
01-Dec-2020,2705309,201402,176839,32083,40528,797,1985
02-Dec-2020,2704591,201353,176800,32373,41027,797,2002
03-Dec-2020,2703867,201304,176761,32665,41530,797,2019
04-Dec-2020,2703138,201255,176721,32958,42038,797,2037
05-Dec-2020,2702402,201205,176681,33254,42550,797,2054
06-Dec-2020,2701660,201155,176640,33552,43067,797,2072
07-Dec-2020,2700913,201104,176600,33852,43588,797,2090
08-Dec-2020,2700159,201053,176559,34153,44115,797,2108
09-Dec-2020,2699399,201002,176517,34457,44645,797,2126
10-Dec-2020,2698633,200950,176475,34763,45181,797,2144
11-Dec-2020,2697861,200898,176433,35071,45721,797,2163
12-Dec-2020,2697082,200845,176390,35381,46266,797,2181
13-Dec-2020,2696297,200792,176347,35694,46816,797,2200
14-Dec-2020,2695506,200738,176304,36008,47371,797,2219
15-Dec-2020,2694709,200684,176261,36324,47931,797,2238
16-Dec-2020,2693905,200629,176217,36643,48495,797,2257
17-Dec-2020,2693094,200574,176172,36963,49065,797,2277
18-Dec-2020,2692278,200519,176127,37286,49639,797,2297
19-Dec-2020,2691454,200463,176082,37611,50219,797,2316
20-Dec-2020,2690625,200407,176037,37938,50803,797,2336
21-Dec-2020,2689788,200350,175991,38267,51393,797,2357
22-Dec-2020,2688945,200293,175945,38599,51988,797,2377
23-Dec-2020,2688095,200235,175898,38932,52587,797,2397
24-Dec-2020,2687239,200177,175851,39268,53193,797,2418
25-Dec-2020,2686376,200119,175804,39606,53803,797,2439
26-Dec-2020,2685506,200059,175756,39946,54418,797,2460
27-Dec-2020,2684629,200000,175708,40289,55039,797,2481
28-Dec-2020,2683746,199940,175659,40634,55665,797,2503
29-Dec-2020,2682855,199879,175610,40980,56297,797,2524
30-Dec-2020,2681958,199818,175561,41330,56934,797,2546
31-Dec-2020,2681053,199757,175511,41681,57576,797,2568
01-Jan-2021,2680142,199695,175461,42035,58224,797,2590
02-Jan-2021,2679223,199632,175410,42391,58877,797,2612
03-Jan-2021,2678298,199570,175359,42749,59535,797,2635
04-Jan-2021,2677365,199506,175308,43109,60200,797,2658
05-Jan-2021,2676425,199442,175256,43472,60870,797,2681
06-Jan-2021,2675478,199378,175204,43837,61545,797,2704
07-Jan-2021,2674524,199313,175152,44205,62226,797,2727
08-Jan-2021,2673562,199247,175099,44575,62913,797,2751
09-Jan-2021,2672593,199181,175045,44947,63606,797,2774
10-Jan-2021,2671616,199115,174991,45321,64304,797,2798
11-Jan-2021,2670633,199048,174937,45698,65009,797,2822
12-Jan-2021,2669641,198980,174882,46077,65719,797,2846
13-Jan-2021,2668643,198912,174827,46458,66435,797,2871
14-Jan-2021,2667637,198844,174771,46842,67156,797,2896
15-Jan-2021,2666623,198775,174715,47228,67884,797,2921
16-Jan-2021,2665601,198705,174659,47617,68618,797,2946
17-Jan-2021,2664572,198635,174602,48008,69358,797,2971
18-Jan-2021,2663536,198564,174545,48401,70104,797,2996
19-Jan-2021,2662491,198493,174487,48797,70856,797,3022
20-Jan-2021,2661439,198421,174428,49195,71614,797,3048
21-Jan-2021,2660379,198349,174370,49596,72379,797,3074
22-Jan-2021,2659311,198276,174311,49999,73149,797,3101
23-Jan-2021,2658235,198203,174251,50404,73926,797,3127
24-Jan-2021,2657151,198129,174191,50812,74709,797,3154
25-Jan-2021,2656060,198054,174130,51223,75499,797,3181
26-Jan-2021,2654960,197979,174069,51635,76294,797,3208
27-Jan-2021,2653852,197903,174008,52051,77097,797,3236
28-Jan-2021,2652736,197827,173946,52468,77905,797,3263
29-Jan-2021,2651612,197750,173883,52889,78721,797,3291
30-Jan-2021,2650480,197673,173821,53311,79542,797,3319
31-Jan-2021,2649340,197595,173757,53736,80370,797,3348
01-Feb-2021,2648191,197516,173693,54164,81205,797,3376
02-Feb-2021,2647034,197437,173629,54594,82047,797,3405
03-Feb-2021,2645869,197358,173564,55027,82895,797,3434
04-Feb-2021,2644695,197277,173499,55462,83750,797,3463
05-Feb-2021,2643513,197197,173433,55899,84611,797,3493
06-Feb-2021,2642323,197115,173367,56339,85480,797,3522
07-Feb-2021,2641124,197033,173300,56782,86355,797,3552
08-Feb-2021,2639916,196950,173233,57227,87237,797,3582
09-Feb-2021,2638700,196867,173165,57675,88126,797,3613
10-Feb-2021,2637476,196783,173097,58125,89022,797,3643
11-Feb-2021,2636242,196699,173028,58577,89925,797,3674
12-Feb-2021,2635001,196614,172959,59033,90835,797,3705
13-Feb-2021,2633750,196528,172889,59490,91752,797,3737
14-Feb-2021,2632491,196442,172818,59950,92676,797,3768
15-Feb-2021,2631222,196355,172748,60413,93607,797,3800
16-Feb-2021,2629945,196267,172676,60879,94546,797,3832
17-Feb-2021,2628660,196179,172604,61346,95492,797,3865
18-Feb-2021,2627365,196090,172532,61817,96445,797,3897
19-Feb-2021,2626061,196001,172459,62290,97405,797,3930
20-Feb-2021,2624749,195911,172385,62765,98372,797,3963
21-Feb-2021,2623427,195820,172311,63243,99347,797,3997
22-Feb-2021,2622096,195729,172237,63724,100330,797,4030
23-Feb-2021,2620756,195637,172162,64207,101320,797,4064
24-Feb-2021,2619407,195544,172086,64693,102317,797,4098
25-Feb-2021,2618049,195451,172010,65181,103322,797,4133
26-Feb-2021,2616682,195357,171934,65672,104334,797,4167
27-Feb-2021,2615305,195263,171856,66165,105354,797,4202
28-Feb-2021,2613919,195167,171779,66661,106382,797,4237
01-Mar-2021,2612524,195072,171700,67160,107417,797,4273
02-Mar-2021,2611120,194975,171621,67661,108460,797,4308
03-Mar-2021,2609706,194878,171542,68165,109511,797,4344
04-Mar-2021,2608283,194780,171462,68671,110570,797,4380
05-Mar-2021,2606850,194681,171381,69180,111637,797,4417
06-Mar-2021,2605408,194582,171300,69691,112711,797,4454
07-Mar-2021,2603956,194482,171218,70205,113793,797,4491
08-Mar-2021,2602495,194382,171136,70721,114884,797,4528
09-Mar-2021,2601024,194281,171053,71240,115982,797,4566
10-Mar-2021,2599544,194179,170970,71761,117089,797,4603
11-Mar-2021,2598054,194076,170886,72285,118203,797,4641
12-Mar-2021,2596554,193973,170801,72812,119326,797,4680
13-Mar-2021,2595045,193869,170716,73341,120457,797,4719
14-Mar-2021,2593526,193764,170630,73873,121596,797,4758
15-Mar-2021,2591997,193659,170544,74407,122743,797,4797
16-Mar-2021,2590458,193553,170457,74943,123898,797,4836
17-Mar-2021,2588909,193446,170370,75483,125062,797,4876
18-Mar-2021,2587351,193338,170282,76024,126235,797,4916
19-Mar-2021,2585782,193230,170193,76569,127415,797,4957
20-Mar-2021,2584204,193121,170104,77115,128604,797,4997
21-Mar-2021,2582616,193012,170014,77664,129802,797,5038
22-Mar-2021,2581018,192901,169924,78216,131008,797,5079
23-Mar-2021,2579409,192790,169832,78770,132223,797,5121
24-Mar-2021,2577791,192679,169741,79327,133446,797,5163
25-Mar-2021,2576163,192566,169648,79886,134678,797,5205
26-Mar-2021,2574524,192453,169556,80448,135918,797,5247
27-Mar-2021,2572876,192339,169462,81012,137167,797,5290
28-Mar-2021,2571217,192224,169368,81579,138425,797,5333
29-Mar-2021,2569548,192109,169273,82147,139692,797,5376
30-Mar-2021,2567869,191993,169178,82719,140968,797,5420
31-Mar-2021,2566179,191876,169082,83293,142252,797,5464
01-Apr-2021,2564480,191758,168985,83869,143546,797,5508
02-Apr-2021,2562770,191640,168888,84448,144848,797,5553
03-Apr-2021,2561049,191521,168790,85029,146159,797,5598
04-Apr-2021,2559319,191401,168691,85612,147479,797,5643
05-Apr-2021,2557578,191281,168592,86198,148809,797,5688
06-Apr-2021,2555826,191159,168493,86786,150147,797,5734
07-Apr-2021,2554065,191037,168392,87377,151495,797,5780
08-Apr-2021,2552292,190915,168291,87970,152851,797,5826
09-Apr-2021,2550510,190791,168190,88565,154217,797,5873
10-Apr-2021,2548717,190667,168087,89163,155592,797,5920
11-Apr-2021,2546913,190542,167984,89763,156977,797,5968
12-Apr-2021,2545099,190416,167881,90365,158371,797,6015
13-Apr-2021,2543274,190289,167777,90969,159774,797,6063
14-Apr-2021,2541439,190162,167672,91576,161186,797,6112
15-Apr-2021,2539593,190034,167566,92185,162608,797,6160
16-Apr-2021,2537737,189905,167460,92796,164039,797,6209
17-Apr-2021,2535870,189775,167353,93410,165480,797,6258
18-Apr-2021,2533993,189645,167245,94025,166930,797,6308
19-Apr-2021,2532104,189514,167137,94643,168390,797,6358
20-Apr-2021,2530206,189382,167028,95263,169859,797,6408
21-Apr-2021,2528296,189249,166919,95885,171338,797,6459
22-Apr-2021,2526376,189116,166809,96510,172827,797,6510
23-Apr-2021,2524445,188981,166698,97136,174325,797,6561
24-Apr-2021,2522503,188846,166586,97765,175833,797,6612
25-Apr-2021,2520551,188710,166474,98396,177351,797,6664
26-Apr-2021,2518588,188574,166361,99028,178878,797,6717
27-Apr-2021,2516614,188436,166248,99663,180415,797,6769
28-Apr-2021,2514629,188298,166134,100300,181963,797,6822
29-Apr-2021,2512634,188159,166019,100939,183520,797,6875
30-Apr-2021,2510628,188019,165903,101580,185086,797,6929
01-May-2021,2508611,187879,165787,102223,186663,797,6983
02-May-2021,2506583,187738,165670,102867,188250,797,7037
03-May-2021,2504545,187595,165553,103514,189847,797,7092
04-May-2021,2502495,187452,165435,104163,191454,797,7147
05-May-2021,2500435,187309,165316,104813,193071,797,7202
06-May-2021,2498364,187164,165196,105466,194698,797,7258
07-May-2021,2496283,187019,165076,106120,196335,797,7314
08-May-2021,2494190,186873,164955,106776,197982,797,7370
09-May-2021,2492086,186726,164833,107434,199639,797,7427
10-May-2021,2489972,186578,164711,108094,201307,797,7484
11-May-2021,2487847,186430,164588,108755,202985,797,7541
12-May-2021,2485711,186281,164464,109419,204673,797,7599
13-May-2021,2483564,186131,164340,110083,206371,797,7657
14-May-2021,2481407,185980,164215,110750,208080,797,7715
15-May-2021,2479238,185828,164089,111418,209799,797,7774
16-May-2021,2477059,185676,163962,112088,211528,797,7833
17-May-2021,2474869,185522,163835,112759,213268,797,7893
18-May-2021,2472668,185368,163707,113432,215018,797,7953
19-May-2021,2470456,185213,163579,114107,216778,797,8013
20-May-2021,2468233,185058,163450,114783,218549,797,8073
21-May-2021,2466000,184901,163320,115460,220331,797,8134
22-May-2021,2463755,184744,163189,116139,222123,797,8196
23-May-2021,2461500,184586,163058,116820,223925,797,8257
24-May-2021,2459235,184427,162926,117501,225738,797,8319
25-May-2021,2456958,184267,162793,118185,227562,797,8382
26-May-2021,2454670,184107,162659,118869,229396,797,8444
27-May-2021,2452372,183946,162525,119555,231240,797,8507
28-May-2021,2450063,183784,162390,120242,233096,797,8571
29-May-2021,2447744,183621,162255,120930,234962,797,8635
30-May-2021,2445413,183457,162119,121620,236838,797,8699
31-May-2021,2443072,183293,161982,122310,238726,797,8763
01-Jun-2021,2440720,183127,161844,123002,240624,797,8828
02-Jun-2021,2438358,182961,161706,123695,242533,797,8894
03-Jun-2021,2435985,182794,161567,124389,244452,797,8959
04-Jun-2021,2433601,182627,161427,125084,246382,797,9025
05-Jun-2021,2431206,182458,161287,125780,248323,797,9092
06-Jun-2021,2428801,182289,161146,126477,250275,797,9158
07-Jun-2021,2426386,182119,161004,127174,252238,797,9226
08-Jun-2021,2423959,181948,160861,127873,254211,797,9293
09-Jun-2021,2421523,181776,160718,128573,256195,797,9361
10-Jun-2021,2419075,181604,160574,129273,258190,797,9429
11-Jun-2021,2416618,181431,160430,129974,260196,797,9498
12-Jun-2021,2414149,181257,160284,130676,262213,797,9567
13-Jun-2021,2411671,181082,160138,131379,264240,797,9636
14-Jun-2021,2409182,180906,159991,132082,266279,797,9706
15-Jun-2021,2406682,180730,159844,132786,268328,797,9776
16-Jun-2021,2404172,180553,159696,133491,270388,797,9846
17-Jun-2021,2401652,180375,159547,134196,272459,797,9917
18-Jun-2021,2399121,180196,159398,134901,274541,797,9988
19-Jun-2021,2396581,180016,159247,135607,276634,797,10060
20-Jun-2021,2394029,179836,159097,136313,278738,797,10132
21-Jun-2021,2391468,179655,158945,137020,280853,797,10204
22-Jun-2021,2388897,179473,158793,137727,282979,797,10277
23-Jun-2021,2386315,179291,158640,138435,285116,797,10350
24-Jun-2021,2383723,179107,158486,139142,287263,797,10424
25-Jun-2021,2381122,178923,158332,139850,289422,797,10497
26-Jun-2021,2378510,178738,158177,140558,291592,797,10572
27-Jun-2021,2375888,178552,158021,141266,293772,797,10646
28-Jun-2021,2373256,178366,157865,141975,295964,797,10721
29-Jun-2021,2370614,178179,157708,142683,298166,797,10796
30-Jun-2021,2367963,177991,157550,143391,300379,797,10872
01-Jul-2021,2365301,177802,157392,144099,302604,797,10948
02-Jul-2021,2362630,177612,157233,144807,304839,797,11025
03-Jul-2021,2359949,177422,157073,145515,307085,797,11101
04-Jul-2021,2357259,177231,156912,146223,309343,797,11179
05-Jul-2021,2354558,177039,156751,146930,311611,797,11256
06-Jul-2021,2351848,176847,156589,147637,313890,797,11334
07-Jul-2021,2349129,176654,156427,148344,316180,797,11413
08-Jul-2021,2346400,176460,156264,149050,318481,797,11491
09-Jul-2021,2343662,176265,156100,149756,320793,797,11570
10-Jul-2021,2340914,176069,155936,150462,323116,797,11650
11-Jul-2021,2338157,175873,155771,151167,325450,797,11730
12-Jul-2021,2335390,175676,155605,151871,327794,797,11810
13-Jul-2021,2332614,175479,155438,152575,330150,797,11890
14-Jul-2021,2329829,175280,155271,153278,332516,797,11971
15-Jul-2021,2327035,175081,155104,153980,334894,797,12053
16-Jul-2021,2324232,174881,154935,154682,337282,797,12134
17-Jul-2021,2321420,174681,154766,155382,339681,797,12216
18-Jul-2021,2318599,174480,154596,156082,342091,797,12299
19-Jul-2021,2315769,174278,154426,156781,344511,797,12381
20-Jul-2021,2312930,174075,154255,157479,346943,797,12465
21-Jul-2021,2310082,173872,154084,158176,349385,797,12548
22-Jul-2021,2307225,173668,153911,158871,351838,797,12632
23-Jul-2021,2304360,173463,153738,159566,354302,797,12716
24-Jul-2021,2301487,173258,153565,160259,356777,797,12801
25-Jul-2021,2298604,173052,153391,160952,359262,797,12886
26-Jul-2021,2295713,172845,153216,161642,361758,797,12971
27-Jul-2021,2292814,172638,153041,162332,364264,797,13057
28-Jul-2021,2289907,172429,152865,163020,366782,797,13143
29-Jul-2021,2286991,172221,152688,163707,369310,797,13230
30-Jul-2021,2284067,172011,152511,164392,371848,797,13316
31-Jul-2021,2281135,171801,152333,165076,374397,797,13404
01-Aug-2021,2278195,171591,152155,165758,376957,797,13491
02-Aug-2021,2275247,171379,151976,166438,379527,797,13579
03-Aug-2021,2272291,171167,151796,167117,382108,797,13667
04-Aug-2021,2269327,170955,151616,167793,384700,797,13756
05-Aug-2021,2266355,170741,151435,168469,387301,797,13845
06-Aug-2021,2263376,170527,151254,169142,389913,797,13934
07-Aug-2021,2260389,170313,151072,169813,392536,797,14024
08-Aug-2021,2257394,170098,150889,170482,395169,797,14114
09-Aug-2021,2254392,169882,150706,171149,397812,797,14204
10-Aug-2021,2251383,169666,150522,171815,400466,797,14295
11-Aug-2021,2248366,169449,150338,172478,403130,797,14386
12-Aug-2021,2245342,169231,150153,173138,405804,797,14478
13-Aug-2021,2242311,169013,149968,173797,408488,797,14570
14-Aug-2021,2239273,168794,149782,174453,411183,797,14662
15-Aug-2021,2236227,168575,149595,175107,413887,797,14754
16-Aug-2021,2233175,168355,149408,175758,416602,797,14847
17-Aug-2021,2230116,168135,149221,176407,419327,797,14940
18-Aug-2021,2227051,167914,149033,177054,422061,797,15034
19-Aug-2021,2223978,167692,148844,177698,424806,797,15128
20-Aug-2021,2220900,167470,148655,178339,427561,797,15222
21-Aug-2021,2217814,167247,148465,178978,430326,797,15316
22-Aug-2021,2214723,167024,148275,179613,433100,797,15411
23-Aug-2021,2211625,166800,148084,180246,435884,797,15507
24-Aug-2021,2208520,166576,147893,180877,438679,797,15602
25-Aug-2021,2205410,166351,147701,181504,441482,797,15698
26-Aug-2021,2202293,166126,147509,182128,444296,797,15794
27-Aug-2021,2199171,165900,147316,182750,447119,797,15891
28-Aug-2021,2196043,165673,147123,183368,449952,797,15988
29-Aug-2021,2192909,165447,146929,183983,452794,797,16085
30-Aug-2021,2189769,165219,146735,184595,455646,797,16182
31-Aug-2021,2186624,164991,146540,185204,458507,797,16280
01-Sep-2021,2183473,164763,146345,185809,461378,797,16378
02-Sep-2021,2180317,164534,146149,186412,464258,797,16477
03-Sep-2021,2177155,164305,145953,187011,467147,797,16576
04-Sep-2021,2173988,164075,145756,187606,470045,797,16675
05-Sep-2021,2170817,163845,145559,188198,472953,797,16774
06-Sep-2021,2167640,163614,145362,188786,475870,797,16874
07-Sep-2021,2164458,163383,145164,189371,478796,797,16974
08-Sep-2021,2161272,163152,144965,189952,481731,797,17075
09-Sep-2021,2158080,162920,144767,190530,484674,797,17175
10-Sep-2021,2154884,162687,144567,191104,487627,797,17276
11-Sep-2021,2151684,162455,144368,191674,490589,797,17377
12-Sep-2021,2148479,162221,144168,192240,493559,797,17479
13-Sep-2021,2145270,161988,143967,192802,496538,797,17581
14-Sep-2021,2142056,161754,143766,193360,499526,797,17683
15-Sep-2021,2138839,161520,143565,193915,502523,797,17786
16-Sep-2021,2135617,161285,143363,194465,505528,797,17888
17-Sep-2021,2132391,161050,143161,195011,508541,797,17991
18-Sep-2021,2129162,160814,142959,195554,511563,797,18095
19-Sep-2021,2125929,160578,142756,196091,514593,797,18198
20-Sep-2021,2122692,160342,142553,196625,517632,797,18302
21-Sep-2021,2119451,160105,142349,197155,520679,797,18407
22-Sep-2021,2116208,159869,142145,197680,523733,797,18511
23-Sep-2021,2112961,159631,141941,198201,526796,797,18616
24-Sep-2021,2109710,159394,141736,198717,529868,797,18721
25-Sep-2021,2106457,159156,141531,199229,532947,797,18826
26-Sep-2021,2103201,158918,141326,199736,536033,797,18932
27-Sep-2021,2099941,158679,141121,200239,539128,797,19038
28-Sep-2021,2096679,158440,140915,200738,542231,797,19144
29-Sep-2021,2093414,158201,140708,201231,545341,797,19250
30-Sep-2021,2090147,157962,140502,201720,548458,797,19357
01-Oct-2021,2086877,157722,140295,202205,551584,797,19464
02-Oct-2021,2083604,157482,140088,202684,554716,797,19571
03-Oct-2021,2080330,157242,139880,203159,557856,797,19678
04-Oct-2021,2077053,157002,139673,203629,561004,797,19786
05-Oct-2021,2073774,156761,139465,204094,564159,797,19894
06-Oct-2021,2070493,156520,139256,204554,567320,797,20002
07-Oct-2021,2067211,156279,139048,205009,570489,797,20110
08-Oct-2021,2063926,156038,138839,205459,573665,797,20219
09-Oct-2021,2060640,155796,138630,205904,576848,797,20328
10-Oct-2021,2057352,155555,138421,206344,580038,797,20437
11-Oct-2021,2054063,155313,138211,206779,583234,797,20546
12-Oct-2021,2050773,155071,138001,207208,586437,797,20656
13-Oct-2021,2047481,154828,137791,207633,589647,797,20765
14-Oct-2021,2044188,154586,137581,208052,592863,797,20875
15-Oct-2021,2040894,154343,137371,208466,596086,797,20986
16-Oct-2021,2037600,154100,137160,208875,599315,797,21096
17-Oct-2021,2034304,153858,136949,209278,602550,797,21207
18-Oct-2021,2031008,153614,136738,209676,605792,797,21318
19-Oct-2021,2027711,153371,136527,210069,609039,797,21429
20-Oct-2021,2024414,153128,136316,210456,612293,797,21540
21-Oct-2021,2021116,152884,136104,210837,615553,797,21651
22-Oct-2021,2017818,152641,135892,211214,618818,797,21763
23-Oct-2021,2014520,152397,135681,211584,622089,797,21875
24-Oct-2021,2011221,152153,135469,211949,625366,797,21987
25-Oct-2021,2007923,151909,135256,212309,628649,797,22099
26-Oct-2021,2004625,151665,135044,212663,631937,797,22212
27-Oct-2021,2001327,151421,134832,213011,635231,797,22324
28-Oct-2021,1998030,151177,134619,213353,638530,797,22437
29-Oct-2021,1994733,150933,134406,213690,641834,797,22550
30-Oct-2021,1991436,150689,134193,214021,645143,797,22663
31-Oct-2021,1988140,150445,133981,214346,648457,797,22777
01-Nov-2021,1984845,150201,133767,214666,651777,797,22890
02-Nov-2021,1981551,149956,133554,214980,655101,797,23004
03-Nov-2021,1978257,149712,133341,215288,658430,797,23118
04-Nov-2021,1974965,149468,133128,215590,661764,797,23232
05-Nov-2021,1971674,149223,132915,215886,665102,797,23346
06-Nov-2021,1968384,148979,132701,216176,668445,797,23460
07-Nov-2021,1965096,148735,132488,216460,671793,797,23575
08-Nov-2021,1961809,148490,132274,216739,675144,797,23689
09-Nov-2021,1958524,148246,132061,217011,678500,797,23804
10-Nov-2021,1955240,148002,131847,217278,681861,797,23919
11-Nov-2021,1951958,147758,131633,217538,685225,797,24034
12-Nov-2021,1948678,147513,131420,217792,688593,797,24149
13-Nov-2021,1945400,147269,131206,218041,691965,797,24265
14-Nov-2021,1942124,147025,130992,218283,695341,797,24380
15-Nov-2021,1938850,146781,130779,218519,698721,797,24496
16-Nov-2021,1935578,146538,130565,218750,702104,797,24612
17-Nov-2021,1932309,146294,130351,218974,705491,797,24727
18-Nov-2021,1929042,146050,130138,219192,708881,797,24843
19-Nov-2021,1925778,145807,129924,219403,712275,797,24959
20-Nov-2021,1922517,145563,129710,219609,715671,797,25076
21-Nov-2021,1919258,145320,129497,219809,719071,797,25192
22-Nov-2021,1916002,145077,129283,220002,722474,797,25308
23-Nov-2021,1912749,144833,129070,220189,725880,797,25425
24-Nov-2021,1909499,144591,128856,220371,729289,797,25541
25-Nov-2021,1906252,144348,128643,220545,732700,797,25658
26-Nov-2021,1903008,144105,128430,220714,736114,797,25775
27-Nov-2021,1899768,143863,128216,220877,739531,797,25892
28-Nov-2021,1896531,143620,128003,221033,742950,797,26008
29-Nov-2021,1893298,143378,127790,221183,746372,797,26126
30-Nov-2021,1890068,143136,127577,221327,749795,797,26243
01-Dec-2021,1886842,142894,127364,221465,753221,797,26360
02-Dec-2021,1883619,142653,127152,221596,756649,797,26477
03-Dec-2021,1880401,142411,126939,221721,760079,797,26594
04-Dec-2021,1877186,142170,126726,221840,763511,797,26712
05-Dec-2021,1873976,141929,126514,221953,766945,797,26829
06-Dec-2021,1870769,141689,126302,222059,770381,797,26947
07-Dec-2021,1867567,141448,126090,222160,773818,797,27064
08-Dec-2021,1864369,141208,125878,222254,777256,797,27182
09-Dec-2021,1861175,140968,125666,222342,780696,797,27299
10-Dec-2021,1857986,140728,125454,222423,784137,797,27417
11-Dec-2021,1854802,140489,125243,222499,787580,797,27535
12-Dec-2021,1851622,140250,125031,222568,791023,797,27653
13-Dec-2021,1848446,140011,124820,222631,794468,797,27770
14-Dec-2021,1845276,139772,124609,222687,797913,797,27888
15-Dec-2021,1842110,139534,124398,222738,801360,797,28006
16-Dec-2021,1838950,139295,124188,222782,804807,797,28124
17-Dec-2021,1835794,139058,123977,222820,808255,797,28242
18-Dec-2021,1832644,138820,123767,222852,811703,797,28360
19-Dec-2021,1829498,138583,123557,222878,815152,797,28478
20-Dec-2021,1826358,138346,123347,222898,818601,797,28596
21-Dec-2021,1823224,138110,123138,222911,822050,797,28714
22-Dec-2021,1820094,137873,122928,222919,825499,797,28832
23-Dec-2021,1816971,137638,122719,222920,828949,797,28950
24-Dec-2021,1813852,137402,122511,222915,832399,797,29068
25-Dec-2021,1810740,137167,122302,222904,835848,797,29186
26-Dec-2021,1807633,136932,122094,222887,839297,797,29304
27-Dec-2021,1804532,136698,121886,222863,842746,797,29422
28-Dec-2021,1801437,136464,121678,222834,846194,797,29540
29-Dec-2021,1798347,136230,121470,222799,849642,797,29657
30-Dec-2021,1795264,135996,121263,222757,853090,797,29775
31-Dec-2021,1792187,135764,121056,222710,856536,797,29893
01-Jan-2022,1789116,135531,120849,222656,859982,797,30011
02-Jan-2022,1786051,135299,120643,222597,863427,797,30129
03-Jan-2022,1782993,135067,120437,222531,866871,797,30247
04-Jan-2022,1779940,134836,120231,222460,870314,797,30364
05-Jan-2022,1776895,134605,120025,222383,873756,797,30482
06-Jan-2022,1773855,134374,119820,222300,877197,797,30600
07-Jan-2022,1770822,134144,119615,222210,880636,797,30717
08-Jan-2022,1767796,133914,119411,222115,884074,797,30835
09-Jan-2022,1764777,133685,119207,222015,887510,797,30953
10-Jan-2022,1761764,133456,119003,221908,890945,797,31070
11-Jan-2022,1758758,133228,118799,221795,894378,797,31187
12-Jan-2022,1755759,133000,118596,221677,897809,797,31305
13-Jan-2022,1752766,132773,118393,221553,901239,797,31422
14-Jan-2022,1749781,132546,118191,221423,904666,797,31539
15-Jan-2022,1746803,132319,117988,221288,908091,797,31656
16-Jan-2022,1743832,132093,117787,221147,911515,797,31774
17-Jan-2022,1740867,131867,117585,221000,914936,797,31891
18-Jan-2022,1737910,131642,117384,220847,918354,797,32007
19-Jan-2022,1734961,131418,117184,220689,921771,797,32124
20-Jan-2022,1732018,131193,116983,220525,925184,797,32241
21-Jan-2022,1729083,130970,116783,220356,928596,797,32358
22-Jan-2022,1726156,130747,116584,220181,932004,797,32474
23-Jan-2022,1723236,130524,116385,220001,935410,797,32591
24-Jan-2022,1720323,130302,116186,219815,938813,797,32707
25-Jan-2022,1717418,130080,115988,219624,942213,797,32823
26-Jan-2022,1714520,129859,115790,219428,945610,797,32940
27-Jan-2022,1711630,129638,115592,219226,949004,797,33056
28-Jan-2022,1708748,129418,115395,219018,952395,797,33172
29-Jan-2022,1705873,129199,115198,218806,955782,797,33288
30-Jan-2022,1703007,128980,115002,218588,959166,797,33403
31-Jan-2022,1700148,128761,114806,218364,962547,797,33519
01-Feb-2022,1697297,128543,114611,218136,965925,797,33634
02-Feb-2022,1694454,128326,114416,217902,969298,797,33750
03-Feb-2022,1691619,128109,114222,217663,972668,797,33865
04-Feb-2022,1688791,127893,114028,217420,976035,797,33980
05-Feb-2022,1685972,127677,113834,217170,979397,797,34095
06-Feb-2022,1683161,127462,113641,216916,982756,797,34210
07-Feb-2022,1680358,127247,113448,216657,986110,797,34325
08-Feb-2022,1677564,127033,113256,216393,989461,797,34439
09-Feb-2022,1674777,126819,113064,216124,992808,797,34554
10-Feb-2022,1671999,126606,112873,215850,996150,797,34668
11-Feb-2022,1669229,126394,112682,215571,999488,797,34782
12-Feb-2022,1666467,126182,112491,215288,1002822,797,34896
13-Feb-2022,1663713,125971,112301,214999,1006151,797,35010
14-Feb-2022,1660968,125760,112112,214706,1009475,797,35124
15-Feb-2022,1658232,125550,111923,214408,1012796,797,35237
16-Feb-2022,1655503,125341,111735,214105,1016111,797,35351
17-Feb-2022,1652784,125132,111547,213798,1019422,797,35464
18-Feb-2022,1650072,124924,111359,213486,1022728,797,35577
19-Feb-2022,1647370,124716,111172,213169,1026029,797,35690
20-Feb-2022,1644675,124509,110986,212848,1029325,797,35803
21-Feb-2022,1641990,124303,110800,212522,1032616,797,35915
22-Feb-2022,1639313,124097,110614,212192,1035902,797,36028
23-Feb-2022,1636644,123892,110429,211858,1039183,797,36140
24-Feb-2022,1633985,123687,110245,211519,1042459,797,36252
25-Feb-2022,1631334,123483,110061,211175,1045730,797,36364
26-Feb-2022,1628691,123280,109877,210828,1048995,797,36476
27-Feb-2022,1626058,123077,109694,210476,1052254,797,36587
28-Feb-2022,1623433,122875,109512,210120,1055509,797,36698
01-Mar-2022,1620817,122673,109330,209759,1058757,797,36809
02-Mar-2022,1618209,122472,109149,209395,1062001,797,36920
03-Mar-2022,1615611,122272,108968,209026,1065238,797,37031
04-Mar-2022,1613021,122072,108787,208654,1068470,797,37142
05-Mar-2022,1610441,121873,108608,208277,1071695,797,37252
06-Mar-2022,1607869,121675,108428,207896,1074916,797,37362
07-Mar-2022,1605306,121477,108250,207512,1078130,797,37472
08-Mar-2022,1602752,121280,108071,207123,1081338,797,37582
09-Mar-2022,1600207,121084,107894,206731,1084540,797,37691
10-Mar-2022,1597671,120888,107717,206334,1087736,797,37801
11-Mar-2022,1595143,120693,107540,205934,1090926,797,37910
12-Mar-2022,1592625,120498,107364,205531,1094109,797,38018
13-Mar-2022,1590116,120305,107189,205123,1097287,797,38127
14-Mar-2022,1587616,120111,107014,204712,1100457,797,38236
15-Mar-2022,1585124,119919,106839,204297,1103622,797,38344
16-Mar-2022,1582642,119727,106666,203879,1106780,797,38452
17-Mar-2022,1580169,119536,106492,203457,1109932,797,38560
18-Mar-2022,1577705,119345,106320,203032,1113077,797,38667
19-Mar-2022,1575250,119155,106148,202603,1116215,797,38775
20-Mar-2022,1572804,118966,105976,202171,1119347,797,38882
21-Mar-2022,1570367,118777,105805,201736,1122472,797,38989
22-Mar-2022,1567939,118589,105635,201297,1125591,797,39095
23-Mar-2022,1565521,118402,105465,200855,1128702,797,39202
24-Mar-2022,1563111,118215,105295,200409,1131807,797,39308
25-Mar-2022,1560711,118029,105127,199961,1134905,797,39414
26-Mar-2022,1558320,117844,104958,199509,1137995,797,39519
27-Mar-2022,1555937,117660,104791,199054,1141079,797,39625
28-Mar-2022,1553564,117476,104624,198596,1144156,797,39730
29-Mar-2022,1551200,117292,104457,198135,1147226,797,39835
30-Mar-2022,1548846,117110,104291,197671,1150288,797,39940
31-Mar-2022,1546500,116928,104126,197205,1153343,797,40044
01-Apr-2022,1544163,116746,103961,196735,1156391,797,40149
02-Apr-2022,1541836,116566,103797,196262,1159432,797,40253
03-Apr-2022,1539518,116386,103634,195787,1162465,797,40356
04-Apr-2022,1537209,116207,103471,195309,1165491,797,40460
05-Apr-2022,1534909,116028,103308,194828,1168510,797,40563
06-Apr-2022,1532618,115850,103147,194344,1171521,797,40666
07-Apr-2022,1530336,115673,102985,193858,1174525,797,40769
08-Apr-2022,1528064,115496,102825,193369,1177521,797,40871
09-Apr-2022,1525800,115320,102665,192878,1180509,797,40973
10-Apr-2022,1523546,115145,102505,192384,1183490,797,41075
11-Apr-2022,1521301,114971,102346,191888,1186463,797,41177
12-Apr-2022,1519065,114797,102188,191389,1189429,797,41279
13-Apr-2022,1516839,114623,102030,190888,1192386,797,41380
14-Apr-2022,1514621,114451,101873,190384,1195336,797,41481
15-Apr-2022,1512412,114279,101716,189878,1198279,797,41581
16-Apr-2022,1510213,114108,101560,189370,1201213,797,41682
17-Apr-2022,1508023,113937,101405,188860,1204139,797,41782
18-Apr-2022,1505841,113768,101250,188347,1207058,797,41881
19-Apr-2022,1503669,113599,101096,187833,1209969,797,41981
20-Apr-2022,1501506,113430,100942,187316,1212871,797,42080
21-Apr-2022,1499352,113262,100789,186797,1215766,797,42179
22-Apr-2022,1497208,113095,100637,186276,1218652,797,42278
23-Apr-2022,1495072,112929,100485,185753,1221531,797,42376
24-Apr-2022,1492945,112763,100334,185229,1224401,797,42475
25-Apr-2022,1490827,112598,100183,184702,1227263,797,42573
26-Apr-2022,1488719,112433,100033,184173,1230117,797,42670
27-Apr-2022,1486619,112270,99884,183643,1232963,797,42767
28-Apr-2022,1484529,112107,99735,183111,1235801,797,42864
29-Apr-2022,1482447,111944,99586,182577,1238630,797,42961
30-Apr-2022,1480375,111783,99439,182041,1241451,797,43058
01-May-2022,1478311,111622,99291,181504,1244264,797,43154
02-May-2022,1476256,111461,99145,180965,1247069,797,43250
03-May-2022,1474211,111301,98999,180424,1249865,797,43346
04-May-2022,1472174,111142,98854,179882,1252653,797,43441
05-May-2022,1470146,110984,98709,179339,1255432,797,43536
06-May-2022,1468128,110826,98565,178794,1258203,797,43631
07-May-2022,1466118,110669,98421,178247,1260965,797,43725
08-May-2022,1464117,110513,98278,177699,1263720,797,43819
09-May-2022,1462125,110357,98136,177150,1266465,797,43913
10-May-2022,1460141,110202,97994,176599,1269202,797,44007
11-May-2022,1458167,110048,97853,176047,1271931,797,44100
12-May-2022,1456202,109894,97712,175494,1274651,797,44193
13-May-2022,1454245,109741,97572,174940,1277362,797,44286
14-May-2022,1452297,109589,97432,174384,1280065,797,44378
15-May-2022,1450358,109437,97294,173828,1282759,797,44471
16-May-2022,1448428,109286,97155,173270,1285444,797,44562
17-May-2022,1446506,109136,97018,172711,1288121,797,44654
18-May-2022,1444593,108986,96880,172151,1290790,797,44745
19-May-2022,1442689,108837,96744,171591,1293449,797,44836
20-May-2022,1440794,108689,96608,171029,1296100,797,44927
21-May-2022,1438907,108541,96472,170466,1298742,797,45017
22-May-2022,1437029,108394,96338,169902,1301376,797,45107
23-May-2022,1435159,108248,96203,169338,1304001,797,45197
24-May-2022,1433299,108102,96070,168772,1306617,797,45286
25-May-2022,1431447,107957,95937,168206,1309224,797,45376
26-May-2022,1429603,107812,95804,167639,1311823,797,45465
27-May-2022,1427768,107668,95672,167072,1314412,797,45553
28-May-2022,1425941,107525,95541,166504,1316993,797,45641
29-May-2022,1424124,107383,95410,165935,1319565,797,45729
30-May-2022,1422314,107241,95280,165365,1322129,797,45817
31-May-2022,1420513,107100,95151,164795,1324683,797,45904
01-Jun-2022,1418721,106959,95022,164224,1327229,797,45991
02-Jun-2022,1416937,106819,94893,163653,1329766,797,46078
03-Jun-2022,1415161,106680,94765,163081,1332294,797,46165
04-Jun-2022,1413394,106541,94638,162509,1334813,797,46251
05-Jun-2022,1411635,106403,94511,161936,1337323,797,46337
06-Jun-2022,1409885,106266,94385,161363,1339825,797,46422
07-Jun-2022,1408143,106129,94259,160790,1342317,797,46507
08-Jun-2022,1406409,105993,94134,160216,1344801,797,46592
09-Jun-2022,1404684,105858,94010,159642,1347276,797,46677
10-Jun-2022,1402966,105723,93886,159068,1349742,797,46761
11-Jun-2022,1401258,105589,93763,158493,1352199,797,46845
12-Jun-2022,1399557,105455,93640,157918,1354647,797,46929
13-Jun-2022,1397864,105322,93518,157343,1357086,797,47013
14-Jun-2022,1396180,105190,93396,156768,1359516,797,47096
15-Jun-2022,1394504,105058,93275,156193,1361938,797,47179
16-Jun-2022,1392836,104927,93154,155618,1364350,797,47261
17-Jun-2022,1391176,104796,93034,155042,1366754,797,47343
18-Jun-2022,1389524,104667,92915,154467,1369149,797,47425
19-Jun-2022,1387880,104537,92796,153891,1371535,797,47507
20-Jun-2022,1386244,104409,92678,153316,1373912,797,47588
21-Jun-2022,1384617,104281,92560,152740,1376280,797,47669
22-Jun-2022,1382997,104153,92443,152165,1378639,797,47750
23-Jun-2022,1381385,104027,92326,151589,1380989,797,47830
24-Jun-2022,1379781,103900,92210,151014,1383330,797,47910
25-Jun-2022,1378185,103775,92094,150439,1385663,797,47990
26-Jun-2022,1376597,103650,91979,149864,1387986,797,48069
27-Jun-2022,1375017,103526,91865,149289,1390301,797,48149
28-Jun-2022,1373444,103402,91751,148715,1392606,797,48227
29-Jun-2022,1371880,103279,91637,148141,1394903,797,48306
30-Jun-2022,1370323,103156,91525,147567,1397191,797,48384
01-Jul-2022,1368774,103034,91412,146993,1399470,797,48462
02-Jul-2022,1367233,102913,91301,146420,1401740,797,48540
03-Jul-2022,1365699,102792,91189,145847,1404002,797,48617
04-Jul-2022,1364173,102672,91079,145274,1406254,797,48694
05-Jul-2022,1362655,102552,90968,144702,1408498,797,48771
06-Jul-2022,1361144,102433,90859,144130,1410733,797,48847
07-Jul-2022,1359641,102315,90750,143558,1412958,797,48923
08-Jul-2022,1358146,102197,90641,142987,1415176,797,48999
09-Jul-2022,1356658,102080,90533,142417,1417384,797,49075
10-Jul-2022,1355177,101963,90425,141847,1419583,797,49150
11-Jul-2022,1353704,101847,90318,141277,1421774,797,49225
12-Jul-2022,1352239,101732,90212,140708,1423956,797,49300
13-Jul-2022,1350781,101617,90106,140140,1426129,797,49374
14-Jul-2022,1349330,101502,90000,139572,1428293,797,49448
15-Jul-2022,1347887,101389,89895,139005,1430448,797,49522
16-Jul-2022,1346451,101275,89791,138439,1432595,797,49595
17-Jul-2022,1345023,101163,89687,137873,1434733,797,49668
18-Jul-2022,1343601,101051,89583,137308,1436862,797,49741
19-Jul-2022,1342187,100939,89481,136743,1438982,797,49814
20-Jul-2022,1340781,100828,89378,136179,1441094,797,49886
21-Jul-2022,1339381,100718,89276,135616,1443197,797,49958
22-Jul-2022,1337989,100608,89175,135054,1445291,797,50029
23-Jul-2022,1336604,100499,89074,134492,1447377,797,50101
24-Jul-2022,1335226,100390,88974,133932,1449453,797,50172
25-Jul-2022,1333855,100282,88874,133372,1451522,797,50242
26-Jul-2022,1332491,100174,88774,132813,1453581,797,50313
27-Jul-2022,1331134,100067,88675,132254,1455632,797,50383
28-Jul-2022,1329785,99960,88577,131697,1457674,797,50453
29-Jul-2022,1328442,99854,88479,131140,1459708,797,50522
30-Jul-2022,1327106,99749,88382,130585,1461733,797,50592
31-Jul-2022,1325777,99644,88285,130030,1463749,797,50661
01-Aug-2022,1324455,99540,88188,129476,1465757,797,50729
02-Aug-2022,1323140,99436,88092,128923,1467756,797,50798
03-Aug-2022,1321832,99332,87997,128372,1469747,797,50866
04-Aug-2022,1320531,99230,87902,127821,1471729,797,50934
05-Aug-2022,1319236,99127,87807,127271,1473703,797,51001
06-Aug-2022,1317949,99026,87713,126722,1475668,797,51068
07-Aug-2022,1316668,98925,87620,126174,1477625,797,51135
08-Aug-2022,1315393,98824,87527,125627,1479573,797,51202
09-Aug-2022,1314126,98724,87434,125081,1481513,797,51268
10-Aug-2022,1312865,98624,87342,124537,1483444,797,51334
11-Aug-2022,1311611,98525,87250,123993,1485367,797,51400
12-Aug-2022,1310363,98426,87159,123450,1487282,797,51465
13-Aug-2022,1309122,98328,87068,122909,1489188,797,51531
14-Aug-2022,1307887,98231,86978,122369,1491086,797,51596
15-Aug-2022,1306659,98134,86888,121830,1492975,797,51660
16-Aug-2022,1305438,98037,86799,121291,1494856,797,51724
17-Aug-2022,1304223,97941,86710,120755,1496729,797,51789
18-Aug-2022,1303014,97845,86622,120219,1498593,797,51852
19-Aug-2022,1301812,97750,86534,119685,1500450,797,51916
20-Aug-2022,1300616,97656,86446,119151,1502297,797,51979
21-Aug-2022,1299427,97562,86359,118619,1504137,797,52042
22-Aug-2022,1298244,97468,86273,118088,1505969,797,52105
23-Aug-2022,1297067,97375,86187,117559,1507792,797,52167
24-Aug-2022,1295896,97282,86101,117031,1509607,797,52229
25-Aug-2022,1294732,97190,86016,116503,1511414,797,52291
26-Aug-2022,1293574,97099,85931,115978,1513213,797,52352
27-Aug-2022,1292422,97007,85846,115453,1515003,797,52414
28-Aug-2022,1291276,96917,85763,114930,1516786,797,52474
29-Aug-2022,1290137,96827,85679,114408,1518560,797,52535
30-Aug-2022,1289003,96737,85596,113888,1520327,797,52596
31-Aug-2022,1287876,96648,85513,113368,1522085,797,52656
01-Sep-2022,1286755,96559,85431,112850,1523835,797,52716
02-Sep-2022,1285640,96471,85349,112334,1525577,797,52775
03-Sep-2022,1284530,96383,85268,111819,1527312,797,52834
04-Sep-2022,1283427,96295,85187,111305,1529038,797,52894
05-Sep-2022,1282330,96209,85107,110792,1530757,797,52952
06-Sep-2022,1281238,96122,85027,110281,1532467,797,53011
07-Sep-2022,1280153,96036,84947,109772,1534170,797,53069
08-Sep-2022,1279073,95951,84868,109263,1535864,797,53127
09-Sep-2022,1277999,95866,84789,108756,1537551,797,53185
10-Sep-2022,1276931,95781,84711,108251,1539230,797,53242
11-Sep-2022,1275869,95697,84633,107747,1540901,797,53299
12-Sep-2022,1274812,95613,84555,107244,1542565,797,53356
13-Sep-2022,1273761,95530,84478,106743,1544221,797,53413
14-Sep-2022,1272716,95447,84401,106243,1545868,797,53469
15-Sep-2022,1271677,95365,84325,105745,1547509,797,53525
16-Sep-2022,1270643,95283,84249,105248,1549141,797,53581
17-Sep-2022,1269615,95202,84174,104753,1550766,797,53637
18-Sep-2022,1268592,95121,84099,104259,1552383,797,53692
19-Sep-2022,1267575,95040,84024,103767,1553993,797,53747
20-Sep-2022,1266564,94960,83950,103276,1555595,797,53802
21-Sep-2022,1265558,94880,83876,102787,1557189,797,53856
22-Sep-2022,1264558,94801,83802,102299,1558776,797,53911
23-Sep-2022,1263563,94722,83729,101813,1560355,797,53965
24-Sep-2022,1262573,94644,83656,101328,1561927,797,54018
25-Sep-2022,1261589,94566,83584,100845,1563491,797,54072
26-Sep-2022,1260610,94488,83512,100363,1565048,797,54125
27-Sep-2022,1259637,94411,83441,99883,1566597,797,54178
28-Sep-2022,1258669,94334,83369,99404,1568139,797,54231
29-Sep-2022,1257706,94258,83299,98927,1569674,797,54283
30-Sep-2022,1256749,94182,83228,98451,1571201,797,54336
01-Oct-2022,1255796,94106,83158,97977,1572720,797,54388
02-Oct-2022,1254849,94031,83089,97505,1574233,797,54439
03-Oct-2022,1253908,93957,83019,97034,1575738,797,54491
04-Oct-2022,1252971,93882,82951,96564,1577236,797,54542
05-Oct-2022,1252039,93808,82882,96096,1578727,797,54593
06-Oct-2022,1251113,93735,82814,95630,1580210,797,54644
07-Oct-2022,1250192,93662,82746,95166,1581686,797,54694
08-Oct-2022,1249276,93589,82679,94703,1583155,797,54744
09-Oct-2022,1248365,93517,82612,94241,1584617,797,54794
10-Oct-2022,1247458,93445,82545,93781,1586072,797,54844
11-Oct-2022,1246557,93374,82479,93323,1587520,797,54894
12-Oct-2022,1245661,93303,82413,92866,1588960,797,54943
13-Oct-2022,1244770,93232,82347,92411,1590394,797,54992
14-Oct-2022,1243884,93162,82282,91958,1591820,797,55041
15-Oct-2022,1243002,93092,82217,91506,1593240,797,55089
16-Oct-2022,1242126,93022,82152,91056,1594652,797,55138
17-Oct-2022,1241254,92953,82088,90607,1596058,797,55186
18-Oct-2022,1240387,92884,82024,90160,1597457,797,55234
19-Oct-2022,1239525,92816,81961,89714,1598848,797,55281
20-Oct-2022,1238668,92748,81898,89271,1600233,797,55328
21-Oct-2022,1237816,92680,81835,88828,1601611,797,55376
22-Oct-2022,1236968,92613,81773,88388,1602982,797,55422
23-Oct-2022,1236125,92546,81710,87949,1604347,797,55469
24-Oct-2022,1235287,92479,81649,87512,1605704,797,55516
25-Oct-2022,1234453,92413,81587,87076,1607055,797,55562
26-Oct-2022,1233624,92347,81526,86642,1608399,797,55608
27-Oct-2022,1232799,92282,81465,86209,1609736,797,55653
28-Oct-2022,1231979,92217,81405,85779,1611067,797,55699
29-Oct-2022,1231164,92152,81345,85349,1612391,797,55744
30-Oct-2022,1230353,92088,81285,84922,1613709,797,55789
31-Oct-2022,1229547,92024,81226,84496,1615019,797,55834
01-Nov-2022,1228745,91960,81167,84072,1616324,797,55879
02-Nov-2022,1227948,91897,81108,83649,1617621,797,55923
03-Nov-2022,1227155,91834,81049,83228,1618913,797,55967
04-Nov-2022,1226366,91771,80991,82809,1620197,797,56011
05-Nov-2022,1225582,91709,80933,82391,1621475,797,56055
06-Nov-2022,1224802,91647,80876,81975,1622747,797,56098
07-Nov-2022,1224027,91586,80819,81560,1624012,797,56142
08-Nov-2022,1223256,91524,80762,81147,1625271,797,56185
09-Nov-2022,1222489,91464,80705,80736,1626524,797,56228
10-Nov-2022,1221727,91403,80649,80327,1627770,797,56270
11-Nov-2022,1220969,91343,80593,79919,1629010,797,56313
12-Nov-2022,1220215,91283,80538,79513,1630243,797,56355
13-Nov-2022,1219465,91223,80482,79108,1631471,797,56397
14-Nov-2022,1218719,91164,80427,78705,1632692,797,56439
15-Nov-2022,1217978,91105,80373,78303,1633907,797,56480
16-Nov-2022,1217241,91047,80318,77904,1635115,797,56521
17-Nov-2022,1216507,90989,80264,77506,1636318,797,56563
18-Nov-2022,1215778,90931,80210,77109,1637514,797,56604
19-Nov-2022,1215053,90873,80157,76714,1638704,797,56644
20-Nov-2022,1214333,90816,80104,76321,1639888,797,56685
21-Nov-2022,1213616,90759,80051,75929,1641066,797,56725
22-Nov-2022,1212903,90702,79998,75540,1642238,797,56765
23-Nov-2022,1212194,90646,79946,75151,1643404,797,56805
24-Nov-2022,1211489,90590,79894,74764,1644564,797,56845
25-Nov-2022,1210788,90534,79842,74379,1645718,797,56884
26-Nov-2022,1210091,90479,79791,73996,1646866,797,56923
27-Nov-2022,1209398,90424,79740,73614,1648008,797,56962
28-Nov-2022,1208709,90369,79689,73234,1649144,797,57001
29-Nov-2022,1208023,90315,79638,72855,1650274,797,57040
30-Nov-2022,1207342,90261,79588,72478,1651399,797,57078
01-Dec-2022,1206664,90207,79538,72103,1652518,797,57117
02-Dec-2022,1205990,90153,79488,71729,1653630,797,57155
03-Dec-2022,1205320,90100,79439,71357,1654737,797,57193
04-Dec-2022,1204654,90047,79389,70987,1655839,797,57230
05-Dec-2022,1203991,89995,79340,70618,1656934,797,57268
06-Dec-2022,1203332,89942,79292,70250,1658024,797,57305
07-Dec-2022,1202677,89890,79243,69885,1659109,797,57342
08-Dec-2022,1202026,89838,79195,69520,1660187,797,57379
09-Dec-2022,1201378,89787,79147,69158,1661260,797,57416
10-Dec-2022,1200734,89736,79100,68797,1662328,797,57452
11-Dec-2022,1200093,89685,79053,68438,1663389,797,57488
12-Dec-2022,1199456,89634,79006,68080,1664446,797,57525
13-Dec-2022,1198823,89584,78959,67724,1665496,797,57561
14-Dec-2022,1198193,89534,78912,67369,1666542,797,57596
15-Dec-2022,1197566,89484,78866,67016,1667581,797,57632
16-Dec-2022,1196944,89435,78820,66665,1668616,797,57667
17-Dec-2022,1196324,89385,78774,66315,1669645,797,57702
18-Dec-2022,1195709,89336,78729,65967,1670668,797,57737
19-Dec-2022,1195096,89288,78684,65620,1671686,797,57772
20-Dec-2022,1194487,89239,78639,65275,1672699,797,57807
21-Dec-2022,1193882,89191,78594,64931,1673706,797,57841
22-Dec-2022,1193280,89143,78550,64589,1674709,797,57876
23-Dec-2022,1192681,89096,78505,64249,1675705,797,57910
24-Dec-2022,1192086,89049,78461,63910,1676697,797,57944
25-Dec-2022,1191494,89002,78418,63572,1677683,797,57977
26-Dec-2022,1190905,88955,78374,63237,1678664,797,58011
27-Dec-2022,1190320,88908,78331,62902,1679640,797,58044
28-Dec-2022,1189738,88862,78288,62570,1680611,797,58077
29-Dec-2022,1189159,88816,78245,62239,1681577,797,58111
30-Dec-2022,1188583,88770,78203,61909,1682537,797,58143
31-Dec-2022,1188011,88725,78160,61581,1683493,797,58176
01-Jan-2023,1187442,88680,78118,61254,1684443,797,58209
02-Jan-2023,1186876,88635,78076,60929,1685389,797,58241
03-Jan-2023,1186313,88590,78035,60606,1686329,797,58273
04-Jan-2023,1185754,88546,77994,60284,1687264,797,58305
05-Jan-2023,1185198,88501,77953,59963,1688195,797,58337
06-Jan-2023,1184644,88457,77912,59644,1689120,797,58368
07-Jan-2023,1184094,88414,77871,59327,1690041,797,58400
08-Jan-2023,1183547,88370,77831,59011,1690956,797,58431
09-Jan-2023,1183003,88327,77790,58696,1691867,797,58462
10-Jan-2023,1182462,88284,77750,58383,1692773,797,58493
11-Jan-2023,1181924,88241,77711,58072,1693674,797,58524
12-Jan-2023,1181390,88199,77671,57762,1694570,797,58555
13-Jan-2023,1180858,88156,77632,57453,1695461,797,58585
14-Jan-2023,1180329,88114,77593,57146,1696348,797,58616
15-Jan-2023,1179803,88073,77554,56840,1697230,797,58646
16-Jan-2023,1179280,88031,77515,56536,1698107,797,58676
17-Jan-2023,1178760,87990,77477,56234,1698980,797,58706
18-Jan-2023,1178243,87949,77439,55933,1699848,797,58735
19-Jan-2023,1177729,87908,77401,55633,1700711,797,58765
20-Jan-2023,1177218,87867,77363,55335,1701569,797,58794
21-Jan-2023,1176709,87827,77325,55038,1702423,797,58823
22-Jan-2023,1176204,87787,77288,54742,1703273,797,58853
23-Jan-2023,1175701,87747,77251,54448,1704118,797,58881
24-Jan-2023,1175201,87707,77214,54156,1704958,797,58910
25-Jan-2023,1174704,87667,77177,53865,1705794,797,58939
26-Jan-2023,1174210,87628,77141,53575,1706625,797,58967
27-Jan-2023,1173718,87589,77104,53287,1707452,797,58995
28-Jan-2023,1173229,87550,77068,53000,1708274,797,59024
29-Jan-2023,1172743,87512,77032,52715,1709092,797,59052
30-Jan-2023,1172260,87473,76997,52431,1709906,797,59079
31-Jan-2023,1171780,87435,76961,52148,1710715,797,59107
01-Feb-2023,1171302,87397,76926,51867,1711520,797,59135
02-Feb-2023,1170826,87359,76891,51587,1712320,797,59162
03-Feb-2023,1170354,87322,76856,51309,1713116,797,59189
04-Feb-2023,1169884,87284,76821,51032,1713908,797,59216
05-Feb-2023,1169417,87247,76787,50756,1714696,797,59243
06-Feb-2023,1168952,87210,76752,50482,1715479,797,59270
07-Feb-2023,1168490,87174,76718,50209,1716258,797,59297
08-Feb-2023,1168031,87137,76684,49938,1717033,797,59323
09-Feb-2023,1167574,87101,76651,49668,1717803,797,59349
10-Feb-2023,1167120,87065,76617,49399,1718570,797,59376
11-Feb-2023,1166668,87029,76584,49132,1719332,797,59402
12-Feb-2023,1166219,86993,76550,48866,1720091,797,59428
13-Feb-2023,1165772,86958,76517,48601,1720845,797,59454
14-Feb-2023,1165328,86922,76485,48337,1721595,797,59479
15-Feb-2023,1164886,86887,76452,48075,1722341,797,59505
16-Feb-2023,1164447,86852,76420,47815,1723083,797,59530
17-Feb-2023,1164010,86818,76387,47555,1723820,797,59555
18-Feb-2023,1163575,86783,76355,47297,1724554,797,59580
19-Feb-2023,1163143,86749,76323,47041,1725284,797,59605
20-Feb-2023,1162714,86715,76292,46785,1726010,797,59630
21-Feb-2023,1162287,86681,76260,46531,1726732,797,59655
22-Feb-2023,1161862,86647,76229,46278,1727450,797,59679
23-Feb-2023,1161440,86614,76198,46027,1728164,797,59704
24-Feb-2023,1161020,86580,76167,45777,1728875,797,59728
25-Feb-2023,1160602,86547,76136,45528,1729581,797,59752
26-Feb-2023,1160187,86514,76105,45280,1730284,797,59776
27-Feb-2023,1159774,86481,76075,45034,1730983,797,59800
28-Feb-2023,1159363,86449,76044,44789,1731678,797,59824
01-Mar-2023,1158954,86416,76014,44545,1732369,797,59848
02-Mar-2023,1158548,86384,75984,44302,1733056,797,59871
03-Mar-2023,1158144,86352,75954,44061,1733740,797,59895
04-Mar-2023,1157743,86320,75925,43821,1734420,797,59918
05-Mar-2023,1157343,86288,75895,43582,1735096,797,59941
06-Mar-2023,1156946,86257,75866,43345,1735769,797,59964
07-Mar-2023,1156551,86225,75837,43109,1736438,797,59987
08-Mar-2023,1156158,86194,75808,42874,1737103,797,60010
09-Mar-2023,1155768,86163,75779,42640,1737764,797,60032
10-Mar-2023,1155379,86132,75750,42407,1738422,797,60055
11-Mar-2023,1154993,86102,75722,42176,1739077,797,60077
12-Mar-2023,1154609,86071,75693,41946,1739728,797,60099
13-Mar-2023,1154227,86041,75665,41717,1740375,797,60121
14-Mar-2023,1153847,86011,75637,41489,1741019,797,60143
15-Mar-2023,1153469,85981,75609,41263,1741659,797,60165
16-Mar-2023,1153093,85951,75581,41037,1742296,797,60187
17-Mar-2023,1152720,85921,75554,40813,1742929,797,60209
18-Mar-2023,1152348,85892,75526,40590,1743559,797,60230
19-Mar-2023,1151979,85862,75499,40369,1744185,797,60252
20-Mar-2023,1151611,85833,75472,40148,1744808,797,60273
21-Mar-2023,1151246,85804,75445,39929,1745428,797,60294
22-Mar-2023,1150882,85775,75418,39710,1746044,797,60315
23-Mar-2023,1150521,85747,75392,39493,1746657,797,60336
24-Mar-2023,1150162,85718,75365,39278,1747266,797,60357
25-Mar-2023,1149804,85690,75339,39063,1747873,797,60378
26-Mar-2023,1149449,85661,75313,38849,1748475,797,60399
27-Mar-2023,1149095,85633,75286,38637,1749075,797,60419
28-Mar-2023,1148744,85605,75261,38426,1749671,797,60439
29-Mar-2023,1148394,85578,75235,38215,1750264,797,60460
30-Mar-2023,1148047,85550,75209,38006,1750854,797,60480
31-Mar-2023,1147701,85523,75184,37798,1751440,797,60500
01-Apr-2023,1147357,85495,75158,37592,1752024,797,60520
02-Apr-2023,1147015,85468,75133,37386,1752604,797,60540
03-Apr-2023,1146675,85441,75108,37181,1753181,797,60559
04-Apr-2023,1146337,85414,75083,36978,1753755,797,60579
05-Apr-2023,1146001,85388,75058,36776,1754325,797,60599
06-Apr-2023,1145666,85361,75034,36574,1754893,797,60618
07-Apr-2023,1145333,85335,75009,36374,1755457,797,60637
08-Apr-2023,1145003,85308,74985,36175,1756019,797,60656
09-Apr-2023,1144674,85282,74960,35977,1756577,797,60676
10-Apr-2023,1144346,85256,74936,35780,1757132,797,60695
11-Apr-2023,1144021,85231,74912,35584,1757684,797,60713
12-Apr-2023,1143697,85205,74888,35390,1758233,797,60732
13-Apr-2023,1143376,85179,74865,35196,1758779,797,60751
14-Apr-2023,1143055,85154,74841,35003,1759323,797,60769
15-Apr-2023,1142737,85129,74818,34812,1759863,797,60788
16-Apr-2023,1142420,85104,74794,34621,1760400,797,60806
17-Apr-2023,1142106,85079,74771,34432,1760934,797,60825
18-Apr-2023,1141792,85054,74748,34243,1761466,797,60843
19-Apr-2023,1141481,85029,74725,34056,1761994,797,60861
20-Apr-2023,1141171,85005,74702,33870,1762520,797,60879
21-Apr-2023,1140863,84980,74680,33684,1763042,797,60897
22-Apr-2023,1140557,84956,74657,33500,1763562,797,60914
23-Apr-2023,1140252,84932,74635,33317,1764079,797,60932
24-Apr-2023,1139949,84908,74612,33134,1764593,797,60950
25-Apr-2023,1139648,84884,74590,32953,1765104,797,60967
26-Apr-2023,1139348,84860,74568,32773,1765613,797,60985
27-Apr-2023,1139050,84836,74546,32593,1766119,797,61002
28-Apr-2023,1138753,84813,74524,32415,1766622,797,61019
29-Apr-2023,1138458,84789,74503,32238,1767122,797,61036
30-Apr-2023,1138165,84766,74481,32061,1767619,797,61053
01-May-2023,1137873,84743,74460,31886,1768114,797,61070
02-May-2023,1137583,84720,74438,31712,1768606,797,61087
03-May-2023,1137294,84697,74417,31538,1769096,797,61104
04-May-2023,1137007,84674,74396,31366,1769582,797,61120
05-May-2023,1136722,84652,74375,31194,1770066,797,61137
06-May-2023,1136438,84629,74354,31024,1770548,797,61153
07-May-2023,1136155,84607,74333,30854,1771027,797,61170
08-May-2023,1135874,84584,74312,30686,1771503,797,61186
09-May-2023,1135595,84562,74292,30518,1771976,797,61202
10-May-2023,1135317,84540,74271,30351,1772447,797,61218
11-May-2023,1135041,84518,74251,30186,1772916,797,61234
12-May-2023,1134766,84497,74231,30021,1773381,797,61250
13-May-2023,1134493,84475,74211,29857,1773845,797,61266
14-May-2023,1134221,84453,74191,29694,1774306,797,61282
15-May-2023,1133950,84432,74171,29532,1774764,797,61298
16-May-2023,1133681,84411,74151,29371,1775219,797,61313
17-May-2023,1133413,84389,74131,29210,1775673,797,61329
18-May-2023,1133147,84368,74112,29051,1776124,797,61344
19-May-2023,1132883,84347,74092,28892,1776572,797,61359
20-May-2023,1132619,84327,74073,28735,1777018,797,61375
21-May-2023,1132357,84306,74054,28578,1777461,797,61390
22-May-2023,1132097,84285,74035,28422,1777902,797,61405
23-May-2023,1131838,84265,74016,28267,1778341,797,61420
24-May-2023,1131580,84244,73997,28113,1778777,797,61435
25-May-2023,1131323,84224,73978,27960,1779211,797,61450
26-May-2023,1131068,84204,73959,27808,1779642,797,61464
27-May-2023,1130815,84184,73940,27657,1780072,797,61479
28-May-2023,1130562,84164,73922,27506,1780498,797,61494
29-May-2023,1130312,84144,73903,27356,1780923,797,61508
30-May-2023,1130062,84124,73885,27207,1781345,797,61523
31-May-2023,1129814,84104,73867,27059,1781765,797,61537
01-Jun-2023,1129567,84085,73849,26912,1782182,797,61551
02-Jun-2023,1129321,84065,73831,26766,1782598,797,61566
03-Jun-2023,1129076,84046,73813,26620,1783011,797,61580
04-Jun-2023,1128833,84027,73795,26476,1783422,797,61594
05-Jun-2023,1128592,84008,73777,26332,1783830,797,61608
06-Jun-2023,1128351,83988,73760,26189,1784237,797,61622
07-Jun-2023,1128112,83970,73742,26047,1784641,797,61635
08-Jun-2023,1127874,83951,73724,25905,1785043,797,61649
09-Jun-2023,1127637,83932,73707,25765,1785442,797,61663
10-Jun-2023,1127401,83913,73690,25625,1785840,797,61676
11-Jun-2023,1127167,83895,73673,25486,1786236,797,61690
12-Jun-2023,1126934,83876,73656,25348,1786629,797,61703
13-Jun-2023,1126702,83858,73639,25211,1787020,797,61717
14-Jun-2023,1126472,83840,73622,25074,1787409,797,61730
15-Jun-2023,1126242,83822,73605,24938,1787796,797,61743
16-Jun-2023,1126014,83804,73588,24803,1788181,797,61756
17-Jun-2023,1125787,83786,73571,24669,1788564,797,61770
18-Jun-2023,1125561,83768,73555,24535,1788944,797,61783
19-Jun-2023,1125336,83750,73538,24403,1789323,797,61796
20-Jun-2023,1125113,83732,73522,24271,1789700,797,61808
21-Jun-2023,1124891,83715,73506,24140,1790074,797,61821
22-Jun-2023,1124669,83697,73490,24009,1790447,797,61834
23-Jun-2023,1124449,83680,73473,23880,1790817,797,61847
24-Jun-2023,1124230,83662,73457,23751,1791186,797,61859
25-Jun-2023,1124013,83645,73441,23623,1791552,797,61872
26-Jun-2023,1123796,83628,73426,23495,1791917,797,61884
27-Jun-2023,1123581,83611,73410,23369,1792279,797,61897
28-Jun-2023,1123366,83594,73394,23243,1792640,797,61909
29-Jun-2023,1123153,83577,73378,23117,1792999,797,61921
30-Jun-2023,1122941,83560,73363,22993,1793356,797,61933
01-Jul-2023,1122730,83544,73347,22869,1793710,797,61946
02-Jul-2023,1122520,83527,73332,22746,1794063,797,61958
03-Jul-2023,1122311,83511,73317,22624,1794414,797,61970
04-Jul-2023,1122103,83494,73302,22502,1794764,797,61982
05-Jul-2023,1121896,83478,73286,22381,1795111,797,61993
06-Jul-2023,1121690,83462,73271,22261,1795456,797,62005
07-Jul-2023,1121486,83445,73256,22142,1795800,797,62017
08-Jul-2023,1121282,83429,73241,22023,1796141,797,62029
09-Jul-2023,1121079,83413,73227,21905,1796481,797,62040
10-Jul-2023,1120878,83397,73212,21787,1796819,797,62052
11-Jul-2023,1120677,83382,73197,21671,1797156,797,62063
12-Jul-2023,1120478,83366,73183,21555,1797490,797,62075
13-Jul-2023,1120279,83350,73168,21439,1797823,797,62086
14-Jul-2023,1120082,83335,73154,21325,1798154,797,62098
15-Jul-2023,1119885,83319,73139,21211,1798483,797,62109
16-Jul-2023,1119690,83304,73125,21097,1798810,797,62120
17-Jul-2023,1119495,83288,73111,20985,1799136,797,62131
18-Jul-2023,1119302,83273,73097,20873,1799460,797,62142
19-Jul-2023,1119109,83258,73083,20761,1799782,797,62153
20-Jul-2023,1118918,83243,73069,20651,1800102,797,62164
21-Jul-2023,1118727,83228,73055,20540,1800421,797,62175
22-Jul-2023,1118538,83213,73041,20431,1800738,797,62186
23-Jul-2023,1118349,83198,73027,20322,1801053,797,62197
24-Jul-2023,1118161,83183,73013,20214,1801367,797,62207
25-Jul-2023,1117975,83168,73000,20107,1801679,797,62218
26-Jul-2023,1117789,83153,72986,20000,1801989,797,62229
27-Jul-2023,1117604,83139,72973,19894,1802298,797,62239
28-Jul-2023,1117420,83124,72959,19788,1802605,797,62250
29-Jul-2023,1117237,83110,72946,19683,1802910,797,62260
30-Jul-2023,1117055,83096,72933,19579,1803214,797,62271
31-Jul-2023,1116873,83081,72919,19475,1803516,797,62281
01-Aug-2023,1116693,83067,72906,19372,1803817,797,62291
02-Aug-2023,1116514,83053,72893,19269,1804116,797,62301
03-Aug-2023,1116335,83039,72880,19167,1804413,797,62312
04-Aug-2023,1116157,83025,72867,19066,1804709,797,62322
05-Aug-2023,1115981,83011,72854,18965,1805003,797,62332
06-Aug-2023,1115805,82997,72842,18865,1805296,797,62342
07-Aug-2023,1115630,82983,72829,18766,1805587,797,62352
08-Aug-2023,1115455,82969,72816,18667,1805877,797,62362
09-Aug-2023,1115282,82956,72803,18569,1806165,797,62372
10-Aug-2023,1115110,82942,72791,18471,1806451,797,62381
11-Aug-2023,1114938,82929,72778,18374,1806736,797,62391
12-Aug-2023,1114767,82915,72766,18277,1807020,797,62401
13-Aug-2023,1114597,82902,72754,18181,1807302,797,62410
14-Aug-2023,1114428,82888,72741,18086,1807583,797,62420
15-Aug-2023,1114260,82875,72729,17991,1807862,797,62430
16-Aug-2023,1114092,82862,72717,17896,1808139,797,62439
17-Aug-2023,1113926,82849,72705,17803,1808416,797,62449
18-Aug-2023,1113760,82836,72693,17709,1808690,797,62458
19-Aug-2023,1113595,82823,72681,17617,1808964,797,62467
