datetime,S,Q,R,D,Q_s,R_s,D_s
07-Jul-2020,6717698,3784,8277,664,3300770,718154,21789
08-Jul-2020,6701231,3864,8501,670,3123728,906618,26525
09-Jul-2020,6685661,3945,8731,675,2956146,1084973,31006
10-Jul-2020,6670936,4027,8964,681,2797522,1253758,35247
11-Jul-2020,6657008,4110,9203,687,2647382,1413485,39261
12-Jul-2020,6643829,4194,9447,693,2505275,1564640,43059
13-Jul-2020,6631358,4279,9696,700,2370772,1707680,46653
14-Jul-2020,6619552,4365,9949,706,2243470,1843039,50054
15-Jul-2020,6608375,4452,10208,713,2122986,1971130,53272
16-Jul-2020,6597789,4541,10472,719,2008956,2092342,56318
17-Jul-2020,6587761,4630,10741,726,1901036,2207042,59200
18-Jul-2020,6578259,4721,11015,733,1798900,2315580,61927
19-Jul-2020,6569254,4813,11295,740,1702240,2418287,64508
20-Jul-2020,6560715,4907,11580,747,1610762,2515475,66950
21-Jul-2020,6552618,5001,11871,754,1524192,2607439,69261
22-Jul-2020,6544937,5097,12167,762,1442266,2694460,71448
23-Jul-2020,6537647,5194,12469,769,1364735,2776804,73517
24-Jul-2020,6530728,5293,12777,777,1291366,2854722,75474
25-Jul-2020,6524157,5393,13090,785,1221934,2928449,77327
26-Jul-2020,6517915,5495,13410,793,1156231,2998213,79080
27-Jul-2020,6511983,5598,13735,801,1094054,3064226,80739
28-Jul-2020,6506343,5703,14067,809,1035218,3126689,82308
29-Jul-2020,6500979,5809,14405,818,979541,3185792,83793
30-Jul-2020,6495875,5917,14749,827,926855,3241716,85198
31-Jul-2020,6491015,6026,15099,835,876999,3294633,86528
01-Aug-2020,6486387,6137,15456,844,829823,3344702,87786
02-Aug-2020,6481976,6250,15820,854,785181,3392079,88977
03-Aug-2020,6477771,6365,16190,863,742939,3436906,90103
04-Aug-2020,6473758,6481,16567,872,702967,3479322,91169
05-Aug-2020,6469928,6599,16951,882,665144,3519456,92177
06-Aug-2020,6466269,6719,17341,892,629354,3557430,93131
07-Aug-2020,6462771,6841,17739,902,595488,3593361,94034
08-Aug-2020,6459425,6965,18144,912,563443,3627359,94888
09-Aug-2020,6456222,7091,18557,922,533121,3659526,95697
10-Aug-2020,6453154,7219,18977,933,504430,3689963,96461
11-Aug-2020,6450211,7349,19404,944,477282,3718762,97185
12-Aug-2020,6447388,7481,19839,955,451594,3746011,97870
13-Aug-2020,6444677,7615,20282,966,427287,3771793,98518
14-Aug-2020,6442070,7751,20733,977,404288,3796187,99131
15-Aug-2020,6439561,7889,21192,989,382526,3819268,99710
16-Aug-2020,6437145,8030,21659,1000,361935,3841107,100259
17-Aug-2020,6434816,8173,22134,1012,342452,3861770,100778
18-Aug-2020,6432567,8318,22618,1024,324017,3881322,101270
19-Aug-2020,6430395,8465,23111,1037,306574,3899820,101734
20-Aug-2020,6428293,8615,23612,1049,290070,3917323,102174
21-Aug-2020,6426258,8768,24122,1062,274453,3933883,102590
22-Aug-2020,6424284,8923,24641,1075,259677,3949552,102984
23-Aug-2020,6422369,9080,25169,1088,245696,3964377,103357
24-Aug-2020,6420507,9240,25707,1102,232468,3978404,103709
25-Aug-2020,6418695,9403,26254,1116,219951,3991676,104043
26-Aug-2020,6416929,9568,26810,1130,208108,4004233,104358
27-Aug-2020,6415207,9736,27377,1144,196903,4016114,104657
28-Aug-2020,6413524,9906,27953,1158,186300,4027355,104939
29-Aug-2020,6411878,10080,28540,1173,176268,4037991,105206
30-Aug-2020,6410265,10256,29136,1188,166777,4048055,105459
31-Aug-2020,6408684,10435,29743,1203,157796,4057576,105698
01-Sep-2020,6407131,10617,30361,1219,149298,4066585,105925
02-Sep-2020,6405604,10802,30990,1235,141258,4075108,106139
03-Sep-2020,6404100,10991,31629,1251,133651,4083173,106342
04-Sep-2020,6402618,11182,32280,1267,126454,4090803,106533
05-Sep-2020,6401155,11376,32942,1284,119643,4098022,106715
06-Sep-2020,6399708,11573,33615,1301,113200,4104853,106886
07-Sep-2020,6398277,11774,34300,1318,107103,4111315,107049
08-Sep-2020,6396859,11978,34997,1335,101335,4117430,107202
09-Sep-2020,6395452,12185,35706,1353,95877,4123215,107348
10-Sep-2020,6394054,12396,36427,1371,90713,4128689,107485
11-Sep-2020,6392665,12610,37161,1390,85827,4133868,107615
12-Sep-2020,6391282,12828,37907,1409,81205,4138767,107739
13-Sep-2020,6389904,13049,38667,1428,76831,4143403,107855
14-Sep-2020,6388530,13274,39439,1447,72692,4147790,107965
15-Sep-2020,6387157,13502,40225,1467,68777,4151940,108069
16-Sep-2020,6385786,13734,41024,1487,65072,4155866,108168
17-Sep-2020,6384413,13970,41837,1507,61567,4159581,108261
18-Sep-2020,6383039,14209,42663,1528,58250,4163096,108350
19-Sep-2020,6381663,14453,43504,1549,55112,4166421,108433
20-Sep-2020,6380282,14700,44360,1571,52144,4169568,108512
21-Sep-2020,6378896,14952,45230,1593,49334,4172545,108587
22-Sep-2020,6377504,15207,46115,1615,46677,4175361,108658
23-Sep-2020,6376104,15467,47015,1637,44162,4178026,108725
24-Sep-2020,6374697,15730,47930,1660,41783,4180547,108788
25-Sep-2020,6373280,15998,48861,1684,39532,4182933,108848
26-Sep-2020,6371854,16270,49808,1708,37402,4185189,108905
27-Sep-2020,6370416,16547,50771,1732,35387,4187325,108959
28-Sep-2020,6368967,16828,51750,1756,33480,4189345,109009
29-Sep-2020,6367505,17113,52746,1781,31677,4191256,109057
30-Sep-2020,6366030,17403,53759,1807,29970,4193065,109103
01-Oct-2020,6364540,17698,54789,1833,28355,4194776,109146
02-Oct-2020,6363036,17997,55836,1859,26827,4196394,109187
03-Oct-2020,6361515,18301,56901,1886,25382,4197926,109225
04-Oct-2020,6359979,18610,57984,1913,24014,4199375,109261
05-Oct-2020,6358425,18923,59086,1941,22720,4200746,109296
06-Oct-2020,6356853,19242,60206,1969,21496,4202043,109328
07-Oct-2020,6355262,19565,61344,1997,20337,4203270,109359
08-Oct-2020,6353653,19894,62502,2027,19241,4204431,109388
09-Oct-2020,6352023,20228,63679,2056,18205,4205530,109416
10-Oct-2020,6350373,20567,64876,2086,17223,4206569,109442
11-Oct-2020,6348701,20911,66093,2117,16295,4207552,109467
12-Oct-2020,6347008,21260,67331,2148,15417,4208483,109490
13-Oct-2020,6345292,21615,68589,2179,14586,4209363,109512
14-Oct-2020,6343553,21975,69868,2212,13800,4210196,109533
15-Oct-2020,6341790,22341,71168,2244,13056,4210983,109553
16-Oct-2020,6340003,22713,72490,2277,12353,4211729,109572
17-Oct-2020,6338191,23090,73834,2311,11687,4212434,109590
18-Oct-2020,6336354,23473,75200,2346,11057,4213101,109606
19-Oct-2020,6334490,23861,76589,2380,10461,4213732,109622
20-Oct-2020,6332600,24256,78001,2416,9897,4214330,109637
21-Oct-2020,6330683,24656,79436,2452,9363,4214895,109651
22-Oct-2020,6328737,25063,80895,2489,8859,4215429,109665
23-Oct-2020,6326764,25475,82378,2526,8381,4215935,109677
24-Oct-2020,6324761,25894,83885,2564,7929,4216413,109690
25-Oct-2020,6322729,26319,85417,2602,7502,4216866,109701
26-Oct-2020,6320666,26751,86974,2641,7097,4217294,109712
27-Oct-2020,6318573,27189,88557,2681,6715,4217699,109722
28-Oct-2020,6316449,27633,90166,2722,6353,4218083,109731
29-Oct-2020,6314293,28083,91800,2763,6010,4218445,109741
30-Oct-2020,6312105,28541,93462,2804,5686,4218789,109749
31-Oct-2020,6309884,29005,95150,2847,5380,4219113,109757
01-Nov-2020,6307629,29476,96866,2890,5090,4219420,109765
02-Nov-2020,6305341,29953,98610,2934,4815,4219711,109772
03-Nov-2020,6303018,30438,100382,2978,4555,4219986,109779
04-Nov-2020,6300659,30929,102183,3024,4310,4220246,109786
05-Nov-2020,6298265,31428,104012,3070,4077,4220492,109792
06-Nov-2020,6295835,31933,105872,3116,3857,4220725,109798
07-Nov-2020,6293368,32446,107761,3164,3649,4220945,109803
08-Nov-2020,6290864,32966,109680,3212,3453,4221153,109809
09-Nov-2020,6288322,33493,111630,3261,3266,4221350,109814
10-Nov-2020,6285741,34028,113611,3311,3090,4221537,109818
11-Nov-2020,6283121,34570,115624,3361,2924,4221713,109823
12-Nov-2020,6280462,35120,117669,3413,2766,4221880,109827
13-Nov-2020,6277763,35677,119746,3465,2617,4222038,109831
14-Nov-2020,6275023,36242,121856,3518,2475,4222187,109835
15-Nov-2020,6272241,36815,124000,3572,2342,4222329,109838
16-Nov-2020,6269418,37395,126178,3626,2216,4222462,109842
17-Nov-2020,6266552,37983,128389,3682,2096,4222589,109845
18-Nov-2020,6263643,38579,130636,3739,1983,4222708,109848
19-Nov-2020,6260691,39183,132918,3796,1876,4222822,109851
20-Nov-2020,6257695,39796,135235,3854,1775,4222929,109853
21-Nov-2020,6254654,40416,137589,3913,1679,4223030,109856
22-Nov-2020,6251567,41044,139979,3973,1588,4223126,109858
23-Nov-2020,6248435,41681,142406,4034,1503,4223217,109860
24-Nov-2020,6245257,42326,144871,4096,1422,4223302,109863
25-Nov-2020,6242031,42979,147374,4159,1345,4223384,109865
26-Nov-2020,6238758,43640,149916,4223,1272,4223460,109867
27-Nov-2020,6235437,44310,152496,4288,1204,4223533,109868
28-Nov-2020,6232067,44989,155117,4354,1139,4223602,109870
29-Nov-2020,6228648,45676,157777,4420,1077,4223667,109872
30-Nov-2020,6225179,46371,160478,4488,1019,4223728,109873
01-Dec-2020,6221659,47075,163220,4557,964,4223786,109875
02-Dec-2020,6218089,47788,166003,4627,912,4223841,109876
03-Dec-2020,6214467,48509,168829,4698,863,4223893,109877
04-Dec-2020,6210792,49239,171697,4770,816,4223943,109879
05-Dec-2020,6207065,49978,174608,4843,772,4223989,109880
06-Dec-2020,6203285,50726,177563,4918,730,4224033,109881
07-Dec-2020,6199451,51482,180562,4993,691,4224075,109882
08-Dec-2020,6195562,52248,183606,5069,654,4224114,109883
09-Dec-2020,6191619,53022,186694,5147,618,4224152,109884
10-Dec-2020,6187620,53805,189829,5226,585,4224187,109885
11-Dec-2020,6183564,54597,193010,5306,553,4224220,109886
12-Dec-2020,6179452,55398,196237,5387,523,4224252,109886
13-Dec-2020,6175283,56207,199512,5469,495,4224282,109887
14-Dec-2020,6171056,57026,202834,5553,468,4224310,109888
15-Dec-2020,6166771,57854,206205,5637,443,4224337,109889
16-Dec-2020,6162427,58691,209625,5723,419,4224362,109889
17-Dec-2020,6158023,59536,213094,5810,397,4224386,109890
18-Dec-2020,6153559,60391,216613,5899,375,4224409,109890
19-Dec-2020,6149035,61254,220182,5989,355,4224430,109891
20-Dec-2020,6144450,62127,223803,6079,336,4224451,109891
21-Dec-2020,6139803,63008,227474,6172,318,4224470,109892
22-Dec-2020,6135094,63898,231198,6265,300,4224488,109892
23-Dec-2020,6130322,64797,234974,6360,284,4224505,109893
24-Dec-2020,6125488,65705,238804,6456,269,4224521,109893
25-Dec-2020,6120589,66622,242686,6554,254,4224537,109894
26-Dec-2020,6115627,67548,246623,6653,241,4224551,109894
27-Dec-2020,6110600,68482,250615,6753,228,4224565,109894
28-Dec-2020,6105508,69425,254661,6855,215,4224578,109895
29-Dec-2020,6100350,70376,258763,6958,204,4224590,109895
30-Dec-2020,6095127,71336,262921,7062,193,4224602,109895
31-Dec-2020,6089836,72305,267136,7168,182,4224613,109896
01-Jan-2021,6084479,73282,271408,7276,172,4224623,109896
02-Jan-2021,6079055,74267,275737,7384,163,4224633,109896
03-Jan-2021,6073563,75261,280125,7495,154,4224642,109896
04-Jan-2021,6068002,76263,284571,7606,146,4224651,109896
05-Jan-2021,6062374,77273,289076,7720,138,4224659,109897
06-Jan-2021,6056676,78291,293641,7834,130,4224667,109897
07-Jan-2021,6050908,79317,298265,7951,123,4224675,109897
08-Jan-2021,6045071,80351,302950,8068,117,4224682,109897
09-Jan-2021,6039164,81392,307696,8187,110,4224688,109897
10-Jan-2021,6033187,82441,312504,8308,104,4224695,109898
11-Jan-2021,6027138,83497,317373,8431,99,4224701,109898
12-Jan-2021,6021019,84561,322304,8555,93,4224706,109898
13-Jan-2021,6014828,85632,327298,8680,88,4224712,109898
14-Jan-2021,6008566,86710,332355,8807,84,4224717,109898
15-Jan-2021,6002232,87795,337475,8936,79,4224721,109898
16-Jan-2021,5995825,88887,342659,9066,75,4224726,109898
17-Jan-2021,5989346,89985,347908,9198,71,4224730,109898
18-Jan-2021,5982795,91089,353221,9331,67,4224734,109899
19-Jan-2021,5976170,92200,358599,9467,63,4224738,109899
20-Jan-2021,5969473,93317,364043,9603,60,4224742,109899
21-Jan-2021,5962702,94440,369552,9742,57,4224745,109899
22-Jan-2021,5955859,95568,375127,9882,54,4224748,109899
23-Jan-2021,5948941,96702,380769,10024,51,4224751,109899
24-Jan-2021,5941950,97840,386477,10167,48,4224754,109899
25-Jan-2021,5934886,98984,392253,10312,45,4224757,109899
26-Jan-2021,5927747,100133,398095,10459,43,4224760,109899
27-Jan-2021,5920535,101286,404005,10607,41,4224762,109899
28-Jan-2021,5913249,102444,409983,10758,38,4224764,109899
29-Jan-2021,5905889,103606,416029,10910,36,4224767,109899
30-Jan-2021,5898456,104771,422144,11063,34,4224769,109899
31-Jan-2021,5890949,105940,428326,11219,32,4224771,109900
01-Feb-2021,5883368,107112,434578,11376,31,4224772,109900
02-Feb-2021,5875713,108288,440898,11534,29,4224774,109900
03-Feb-2021,5867985,109466,447288,11695,27,4224776,109900
04-Feb-2021,5860184,110646,453746,11857,26,4224777,109900
05-Feb-2021,5852309,111828,460274,12021,25,4224779,109900
06-Feb-2021,5844361,113013,466872,12187,23,4224780,109900
07-Feb-2021,5836341,114199,473539,12355,22,4224782,109900
08-Feb-2021,5828248,115386,480275,12524,21,4224783,109900
09-Feb-2021,5820082,116574,487082,12695,20,4224784,109900
10-Feb-2021,5811845,117762,493958,12868,19,4224785,109900
11-Feb-2021,5803536,118951,500904,13042,18,4224786,109900
12-Feb-2021,5795155,120140,507919,13218,17,4224787,109900
13-Feb-2021,5786704,121328,515004,13397,16,4224788,109900
14-Feb-2021,5778181,122515,522159,13576,15,4224789,109900
15-Feb-2021,5769589,123701,529384,13758,14,4224790,109900
16-Feb-2021,5760927,124886,536678,13941,13,4224791,109900
17-Feb-2021,5752195,126069,544042,14126,13,4224791,109900
18-Feb-2021,5743395,127249,551475,14313,12,4224792,109900
19-Feb-2021,5734527,128427,558977,14501,11,4224793,109900
20-Feb-2021,5725590,129602,566548,14692,11,4224794,109900
21-Feb-2021,5716587,130773,574189,14884,10,4224794,109900
22-Feb-2021,5707517,131940,581897,15077,10,4224795,109900
23-Feb-2021,5698381,133104,589674,15273,9,4224795,109900
24-Feb-2021,5689180,134262,597520,15470,8,4224796,109900
25-Feb-2021,5679915,135416,605433,15669,8,4224796,109900
26-Feb-2021,5670585,136564,613413,15869,8,4224797,109900
27-Feb-2021,5661193,137706,621461,16071,7,4224797,109900
28-Feb-2021,5651738,138842,629576,16275,7,4224798,109900
01-Mar-2021,5642222,139972,637757,16481,6,4224798,109900
02-Mar-2021,5632645,141094,646004,16688,6,4224798,109900
03-Mar-2021,5623009,142209,654317,16897,6,4224799,109900
04-Mar-2021,5613313,143316,662695,17108,5,4224799,109900
05-Mar-2021,5603560,144414,671138,17320,5,4224799,109900
06-Mar-2021,5593749,145504,679645,17533,5,4224800,109900
07-Mar-2021,5583883,146584,688216,17749,5,4224800,109900
08-Mar-2021,5573961,147655,696850,17966,4,4224800,109900
09-Mar-2021,5563986,148716,705546,18184,4,4224800,109900
10-Mar-2021,5553957,149766,714304,18404,4,4224801,109900
11-Mar-2021,5543877,150805,723124,18626,4,4224801,109900
12-Mar-2021,5533745,151833,732004,18849,3,4224801,109900
13-Mar-2021,5523564,152850,740944,19074,3,4224801,109900
14-Mar-2021,5513334,153854,749944,19300,3,4224801,109900
15-Mar-2021,5503057,154845,759002,19527,3,4224802,109900
16-Mar-2021,5492734,155823,768118,19756,3,4224802,109900
17-Mar-2021,5482365,156789,777291,19987,3,4224802,109900
18-Mar-2021,5471953,157740,786520,20219,2,4224802,109900
19-Mar-2021,5461498,158677,795804,20452,2,4224802,109900
20-Mar-2021,5451002,159599,805144,20687,2,4224802,109900
21-Mar-2021,5440466,160506,814536,20923,2,4224802,109900
22-Mar-2021,5429891,161398,823982,21160,2,4224803,109900
23-Mar-2021,5419279,162274,833479,21399,2,4224803,109900
24-Mar-2021,5408631,163134,843028,21639,2,4224803,109900
25-Mar-2021,5397948,163977,852626,21880,2,4224803,109900
26-Mar-2021,5387232,164803,862274,22122,2,4224803,109900
27-Mar-2021,5376484,165612,871969,22366,1,4224803,109900
28-Mar-2021,5365706,166403,881711,22611,1,4224803,109900
29-Mar-2021,5354899,167177,891499,22857,1,4224803,109900
30-Mar-2021,5344064,167931,901332,23104,1,4224803,109900
31-Mar-2021,5333203,168668,911209,23352,1,4224803,109900
01-Apr-2021,5322317,169385,921129,23601,1,4224803,109900
02-Apr-2021,5311408,170082,931090,23851,1,4224804,109900
03-Apr-2021,5300477,170760,941091,24103,1,4224804,109900
04-Apr-2021,5289526,171419,951131,24355,1,4224804,109900
05-Apr-2021,5278557,172056,961210,24608,1,4224804,109900
06-Apr-2021,5267570,172674,971325,24862,1,4224804,109900
07-Apr-2021,5256567,173270,981476,25118,1,4224804,109900
08-Apr-2021,5245551,173845,991662,25373,1,4224804,109900
09-Apr-2021,5234521,174400,1001880,25630,1,4224804,109900
10-Apr-2021,5223481,174932,1012131,25888,1,4224804,109900
11-Apr-2021,5212431,175443,1022412,26146,1,4224804,109900
12-Apr-2021,5201373,175931,1032722,26405,1,4224804,109900
13-Apr-2021,5190308,176398,1043060,26665,1,4224804,109900
14-Apr-2021,5179239,176842,1053426,26925,1,4224804,109900
15-Apr-2021,5168166,177263,1063816,27186,1,4224804,109900
16-Apr-2021,5157091,177662,1074231,27448,0,4224804,109900
17-Apr-2021,5146015,178038,1084668,27710,0,4224804,109900
18-Apr-2021,5134941,178390,1095127,27973,0,4224804,109900
19-Apr-2021,5123870,178720,1105605,28236,0,4224804,109900
20-Apr-2021,5112803,179026,1116102,28500,0,4224804,109900
21-Apr-2021,5101742,179308,1126617,28764,0,4224804,109900
22-Apr-2021,5090688,179567,1137147,29029,0,4224804,109900
23-Apr-2021,5079642,179803,1147692,29294,0,4224804,109900
24-Apr-2021,5068607,180014,1158251,29559,0,4224804,109900
25-Apr-2021,5057584,180202,1168820,29825,0,4224804,109900
26-Apr-2021,5046574,180366,1179400,30091,0,4224804,109900
27-Apr-2021,5035579,180506,1189990,30357,0,4224804,109900
28-Apr-2021,5024600,180623,1200586,30623,0,4224804,109900
29-Apr-2021,5013638,180715,1211189,30889,0,4224804,109900
30-Apr-2021,5002695,180784,1221796,31156,0,4224804,109900
01-May-2021,4991773,180828,1232407,31423,0,4224804,109900
02-May-2021,4980873,180849,1243020,31689,0,4224804,109900
03-May-2021,4969996,180846,1253633,31956,0,4224804,109900
04-May-2021,4959144,180819,1264245,32223,0,4224804,109900
05-May-2021,4948318,180769,1274855,32489,0,4224804,109900
06-May-2021,4937519,180695,1285462,32756,0,4224804,109900
07-May-2021,4926749,180597,1296063,33022,0,4224805,109900
08-May-2021,4916009,180476,1306658,33288,0,4224805,109900
09-May-2021,4905300,180332,1317245,33554,0,4224805,109900
10-May-2021,4894623,180165,1327823,33820,0,4224805,109900
11-May-2021,4883981,179974,1338391,34086,0,4224805,109900
12-May-2021,4873373,179761,1348946,34351,0,4224805,109900
13-May-2021,4862802,179525,1359489,34616,0,4224805,109900
14-May-2021,4852268,179266,1370017,34880,0,4224805,109900
15-May-2021,4841773,178985,1380529,35144,0,4224805,109900
16-May-2021,4831317,178682,1391024,35408,0,4224805,109900
17-May-2021,4820903,178357,1401501,35671,0,4224805,109900
18-May-2021,4810530,178010,1411957,35934,0,4224805,109900
19-May-2021,4800200,177641,1422393,36196,0,4224805,109900
20-May-2021,4789915,177251,1432807,36458,0,4224805,109900
21-May-2021,4779675,176840,1443197,36719,0,4224805,109900
22-May-2021,4769481,176409,1453562,36980,0,4224805,109900
23-May-2021,4759334,175956,1463902,37239,0,4224805,109900
24-May-2021,4749235,175484,1474214,37498,0,4224805,109900
25-May-2021,4739186,174991,1484498,37757,0,4224805,109900
26-May-2021,4729186,174478,1494752,38015,0,4224805,109900
27-May-2021,4719237,173947,1504976,38271,0,4224805,109900
28-May-2021,4709340,173395,1515168,38528,0,4224805,109900
29-May-2021,4699496,172825,1525327,38783,0,4224805,109900
30-May-2021,4689705,172237,1535452,39037,0,4224805,109900
31-May-2021,4679968,171630,1545542,39291,0,4224805,109900
01-Jun-2021,4670286,171005,1555596,39543,0,4224805,109900
02-Jun-2021,4660660,170363,1565613,39795,0,4224805,109900
03-Jun-2021,4651091,169703,1575592,40046,0,4224805,109900
04-Jun-2021,4641578,169027,1585531,40296,0,4224805,109900
05-Jun-2021,4632123,168334,1595430,40544,0,4224805,109900
06-Jun-2021,4622727,167624,1605288,40792,0,4224805,109900
07-Jun-2021,4613390,166899,1615104,41039,0,4224805,109900
08-Jun-2021,4604112,166158,1624877,41284,0,4224805,109900
09-Jun-2021,4594895,165402,1634606,41529,0,4224805,109900
10-Jun-2021,4585739,164631,1644290,41772,0,4224805,109900
11-Jun-2021,4576644,163845,1653928,42014,0,4224805,109900
12-Jun-2021,4567610,163046,1663520,42255,0,4224805,109900
13-Jun-2021,4558639,162233,1673065,42495,0,4224805,109900
14-Jun-2021,4549731,161406,1682561,42734,0,4224805,109900
15-Jun-2021,4540885,160566,1692009,42971,0,4224805,109900
16-Jun-2021,4532104,159714,1701407,43207,0,4224805,109900
17-Jun-2021,4523386,158849,1710754,43442,0,4224805,109900
18-Jun-2021,4514732,157973,1720051,43676,0,4224805,109900
19-Jun-2021,4506143,157085,1729295,43908,0,4224805,109900
20-Jun-2021,4497619,156185,1738487,44139,0,4224805,109900
21-Jun-2021,4489161,155275,1747627,44369,0,4224805,109900
22-Jun-2021,4480767,154355,1756712,44597,0,4224805,109900
23-Jun-2021,4472440,153424,1765743,44824,0,4224805,109900
24-Jun-2021,4464178,152484,1774719,45049,0,4224805,109900
25-Jun-2021,4455983,151535,1783640,45273,0,4224805,109900
26-Jun-2021,4447854,150576,1792505,45496,0,4224805,109900
27-Jun-2021,4439791,149609,1801313,45717,0,4224805,109900
28-Jun-2021,4431795,148634,1810064,45937,0,4224805,109900
29-Jun-2021,4423866,147651,1818758,46156,0,4224805,109900
30-Jun-2021,4416004,146661,1827394,46373,0,4224805,109900
01-Jul-2021,4408208,145663,1835972,46588,0,4224805,109900
02-Jul-2021,4400480,144658,1844491,46802,0,4224805,109900
03-Jul-2021,4392819,143647,1852950,47015,0,4224805,109900
04-Jul-2021,4385224,142630,1861350,47226,0,4224805,109900
05-Jul-2021,4377697,141608,1869691,47436,0,4224805,109900
06-Jul-2021,4370237,140579,1877971,47644,0,4224805,109900
07-Jul-2021,4362844,139546,1886191,47850,0,4224805,109900
08-Jul-2021,4355518,138508,1894349,48055,0,4224805,109900
09-Jul-2021,4348259,137466,1902447,48259,0,4224805,109900
10-Jul-2021,4341067,136419,1910484,48461,0,4224805,109900
11-Jul-2021,4333942,135369,1918459,48661,0,4224805,109900
12-Jul-2021,4326884,134316,1926372,48860,0,4224805,109900
13-Jul-2021,4319892,133259,1934223,49057,0,4224805,109900
14-Jul-2021,4312966,132199,1942013,49253,0,4224805,109900
15-Jul-2021,4306107,131137,1949740,49447,0,4224805,109900
16-Jul-2021,4299314,130073,1957404,49640,0,4224805,109900
17-Jul-2021,4292587,129007,1965006,49831,0,4224805,109900
18-Jul-2021,4285926,127939,1972546,50020,0,4224805,109900
19-Jul-2021,4279331,126870,1980023,50208,0,4224805,109900
20-Jul-2021,4272800,125800,1987437,50394,0,4224805,109900
21-Jul-2021,4266335,124729,1994788,50579,0,4224805,109900
22-Jul-2021,4259935,123658,2002076,50762,0,4224805,109900
23-Jul-2021,4253600,122586,2009302,50944,0,4224805,109900
24-Jul-2021,4247329,121515,2016464,51124,0,4224805,109900
25-Jul-2021,4241122,120443,2023564,51302,0,4224805,109900
26-Jul-2021,4234979,119372,2030601,51479,0,4224805,109900
27-Jul-2021,4228900,118302,2037575,51654,0,4224805,109900
28-Jul-2021,4222884,117233,2044486,51828,0,4224805,109900
29-Jul-2021,4216931,116166,2051334,52000,0,4224805,109900
30-Jul-2021,4211041,115099,2058120,52170,0,4224805,109900
31-Jul-2021,4205213,114035,2064844,52339,0,4224805,109900
01-Aug-2021,4199448,112972,2071505,52507,0,4224805,109900
02-Aug-2021,4193744,111912,2078103,52672,0,4224805,109900
03-Aug-2021,4188101,110854,2084640,52837,0,4224805,109900
04-Aug-2021,4182519,109798,2091114,52999,0,4224805,109900
05-Aug-2021,4176998,108745,2097527,53160,0,4224805,109900
06-Aug-2021,4171538,107696,2103878,53320,0,4224805,109900
07-Aug-2021,4166137,106649,2110167,53478,0,4224805,109900
08-Aug-2021,4160796,105605,2116395,53635,0,4224805,109900
09-Aug-2021,4155514,104566,2122562,53789,0,4224805,109900
10-Aug-2021,4150291,103529,2128668,53943,0,4224805,109900
11-Aug-2021,4145126,102497,2134714,54095,0,4224805,109900
12-Aug-2021,4140019,101468,2140699,54245,0,4224805,109900
13-Aug-2021,4134970,100444,2146623,54394,0,4224805,109900
14-Aug-2021,4129978,99424,2152488,54541,0,4224805,109900
15-Aug-2021,4125042,98409,2158293,54687,0,4224805,109900
16-Aug-2021,4120163,97398,2164038,54832,0,4224805,109900
17-Aug-2021,4115340,96392,2169725,54975,0,4224805,109900
18-Aug-2021,4110573,95390,2175352,55116,0,4224805,109900
19-Aug-2021,4105861,94394,2180921,55256,0,4224805,109900
20-Aug-2021,4101203,93403,2186431,55394,0,4224805,109900
21-Aug-2021,4096600,92417,2191884,55531,0,4224805,109900
22-Aug-2021,4092050,91436,2197278,55667,0,4224805,109900
23-Aug-2021,4087554,90461,2202616,55801,0,4224805,109900
24-Aug-2021,4083110,89492,2207896,55934,0,4224805,109900
25-Aug-2021,4078719,88528,2213119,56065,0,4224805,109900
26-Aug-2021,4074381,87569,2218286,56195,0,4224805,109900
27-Aug-2021,4070093,86617,2223398,56323,0,4224805,109900
28-Aug-2021,4065857,85671,2228453,56450,0,4224805,109900
29-Aug-2021,4061672,84730,2233453,56576,0,4224805,109900
30-Aug-2021,4057537,83796,2238398,56700,0,4224805,109900
31-Aug-2021,4053452,82868,2243288,56823,0,4224805,109900
01-Sep-2021,4049416,81946,2248124,56944,0,4224805,109900
02-Sep-2021,4045429,81031,2252906,57065,0,4224805,109900
03-Sep-2021,4041491,80122,2257635,57183,0,4224805,109900
04-Sep-2021,4037601,79219,2262310,57301,0,4224805,109900
05-Sep-2021,4033758,78323,2266933,57417,0,4224805,109900
06-Sep-2021,4029962,77433,2271503,57532,0,4224805,109900
07-Sep-2021,4026214,76551,2276022,57645,0,4224805,109900
08-Sep-2021,4022511,75674,2280488,57758,0,4224805,109900
09-Sep-2021,4018854,74805,2284904,57869,0,4224805,109900
10-Sep-2021,4015243,73942,2289268,57978,0,4224805,109900
11-Sep-2021,4011676,73086,2293582,58087,0,4224805,109900
12-Sep-2021,4008154,72237,2297847,58194,0,4224805,109900
13-Sep-2021,4004676,71394,2302061,58300,0,4224805,109900
14-Sep-2021,4001242,70559,2306226,58404,0,4224805,109900
15-Sep-2021,3997851,69730,2310343,58508,0,4224805,109900
16-Sep-2021,3994502,68908,2314411,58610,0,4224805,109900
17-Sep-2021,3991196,68094,2318431,58711,0,4224805,109900
18-Sep-2021,3987932,67286,2322403,58811,0,4224805,109900
19-Sep-2021,3984709,66485,2326328,58909,0,4224805,109900
20-Sep-2021,3981527,65691,2330206,59007,0,4224805,109900
21-Sep-2021,3978385,64904,2334038,59103,0,4224805,109900
22-Sep-2021,3975284,64124,2337824,59198,0,4224805,109900
23-Sep-2021,3972222,63352,2341565,59292,0,4224805,109900
24-Sep-2021,3969200,62586,2345260,59385,0,4224805,109900
25-Sep-2021,3966216,61827,2348911,59477,0,4224805,109900
26-Sep-2021,3963271,61075,2352517,59568,0,4224805,109900
27-Sep-2021,3960364,60331,2356079,59657,0,4224805,109900
28-Sep-2021,3957495,59593,2359598,59745,0,4224805,109900
29-Sep-2021,3954663,58862,2363074,59833,0,4224805,109900
30-Sep-2021,3951867,58138,2366507,59919,0,4224805,109900
01-Oct-2021,3949108,57421,2369898,60004,0,4224805,109900
02-Oct-2021,3946385,56712,2373247,60088,0,4224805,109900
03-Oct-2021,3943697,56009,2376554,60172,0,4224805,109900
04-Oct-2021,3941044,55313,2379821,60254,0,4224805,109900
05-Oct-2021,3938427,54624,2383046,60335,0,4224805,109900
06-Oct-2021,3935843,53941,2386232,60415,0,4224805,109900
07-Oct-2021,3933294,53266,2389378,60494,0,4224805,109900
08-Oct-2021,3930778,52598,2392484,60572,0,4224805,109900
09-Oct-2021,3928295,51936,2395551,60649,0,4224805,109900
10-Oct-2021,3925845,51281,2398580,60725,0,4224805,109900
11-Oct-2021,3923428,50633,2401570,60800,0,4224805,109900
12-Oct-2021,3921043,49992,2404523,60874,0,4224805,109900
13-Oct-2021,3918689,49357,2407438,60948,0,4224805,109900
14-Oct-2021,3916367,48729,2410316,61020,0,4224805,109900
15-Oct-2021,3914075,48108,2413157,61091,0,4224805,109900
16-Oct-2021,3911814,47493,2415962,61162,0,4224805,109900
17-Oct-2021,3909583,46885,2418732,61231,0,4224805,109900
18-Oct-2021,3907382,46283,2421465,61300,0,4224805,109900
19-Oct-2021,3905211,45688,2424164,61368,0,4224805,109900
20-Oct-2021,3903069,45100,2426828,61435,0,4224805,109900
21-Oct-2021,3900955,44517,2429458,61501,0,4224805,109900
22-Oct-2021,3898870,43942,2432053,61566,0,4224805,109900
23-Oct-2021,3896813,43372,2434615,61630,0,4224805,109900
24-Oct-2021,3894784,42809,2437144,61694,0,4224805,109900
25-Oct-2021,3892782,42252,2439640,61757,0,4224805,109900
26-Oct-2021,3890807,41702,2442103,61819,0,4224805,109900
27-Oct-2021,3888859,41158,2444535,61880,0,4224805,109900
28-Oct-2021,3886938,40619,2446934,61940,0,4224805,109900
29-Oct-2021,3885042,40087,2449302,61999,0,4224805,109900
30-Oct-2021,3883173,39561,2451639,62058,0,4224805,109900
31-Oct-2021,3881328,39041,2453946,62116,0,4224805,109900
01-Nov-2021,3879509,38527,2456222,62173,0,4224805,109900
02-Nov-2021,3877715,38019,2458468,62230,0,4224805,109900
03-Nov-2021,3875945,37517,2460684,62285,0,4224805,109900
04-Nov-2021,3874199,37021,2462871,62340,0,4224805,109900
05-Nov-2021,3872477,36530,2465029,62395,0,4224805,109900
06-Nov-2021,3870779,36045,2467159,62448,0,4224805,109900
07-Nov-2021,3869104,35566,2469260,62501,0,4224805,109900
08-Nov-2021,3867452,35093,2471333,62553,0,4224805,109900
09-Nov-2021,3865823,34625,2473379,62604,0,4224805,109900
10-Nov-2021,3864216,34163,2475398,62655,0,4224805,109900
11-Nov-2021,3862631,33706,2477389,62705,0,4224805,109900
12-Nov-2021,3861068,33255,2479354,62755,0,4224805,109900
13-Nov-2021,3859527,32809,2481292,62803,0,4224805,109900
14-Nov-2021,3858007,32369,2483205,62851,0,4224805,109900
15-Nov-2021,3856507,31934,2485091,62899,0,4224805,109900
16-Nov-2021,3855029,31504,2486953,62945,0,4224805,109900
17-Nov-2021,3853571,31079,2488789,62992,0,4224805,109900
18-Nov-2021,3852134,30660,2490601,63037,0,4224805,109900
19-Nov-2021,3850716,30246,2492388,63082,0,4224805,109900
20-Nov-2021,3849318,29836,2494151,63126,0,4224805,109900
21-Nov-2021,3847939,29432,2495890,63170,0,4224805,109900
22-Nov-2021,3846580,29033,2497605,63213,0,4224805,109900
23-Nov-2021,3845239,28639,2499298,63256,0,4224805,109900
